year,month,rank,RET
2000,1,0,-0.06808685
2000,1,1,0.008104625000000004
2000,1,2,-0.0009001749999999976
2000,1,3,-0.032988
2000,1,4,0.012534350000000003
2000,1,5,-0.01002584615384616
2000,1,6,0.04019205
2000,1,7,0.027671
2000,1,8,0.007743900000000001
2000,1,9,0.066844875
2000,1,diff,0.134931725
2000,2,0,0.169030175
2000,2,1,0.107938625
2000,2,2,0.07812282051282052
2000,2,3,-0.002299275
2000,2,4,-0.02100841025641026
2000,2,5,-0.026356200000000003
2000,2,6,0.028166128205128205
2000,2,7,0.00973635
2000,2,8,-0.022936128205128206
2000,2,9,0.061372949999999996
2000,2,diff,-0.10765722500000001
2000,3,0,0.011578524999999997
2000,3,1,-0.011096179487179484
2000,3,2,0.07377505128205128
2000,3,3,0.01763751282051282
2000,3,4,0.046010974999999996
2000,3,5,0.019135999999999997
2000,3,6,-0.005742025641025641
2000,3,7,0.06598553846153846
2000,3,8,0.022172820512820515
2000,3,9,0.012553775
2000,3,diff,0.0009752500000000022
2000,4,0,-0.1804395
2000,4,1,-0.07073894871794871
2000,4,2,-0.06408876923076923
2000,4,3,-0.02600938461538461
2000,4,4,-0.018442615384615387
2000,4,5,-0.003842179487179489
2000,4,6,-0.04190253846153846
2000,4,7,-0.021826948717948717
2000,4,8,-0.0029262051282051282
2000,4,9,-0.015238179487179489
2000,4,diff,0.16520132051282052
2000,5,0,-0.13568146511627907
2000,5,1,-0.10020911904761906
2000,5,2,-0.012309571428571434
2000,5,3,-0.004443837209302326
2000,5,4,0.012421166666666669
2000,5,5,-0.04191502380952381
2000,5,6,-0.01645060465116279
2000,5,7,-0.016792500000000002
2000,5,8,-0.034051452380952384
2000,5,9,-0.023216767441860464
2000,5,diff,0.1124646976744186
2000,6,0,0.1385965238095238
2000,6,1,0.1005100975609756
2000,6,2,0.0464989512195122
2000,6,3,0.0896339268292683
2000,6,4,0.06960354761904762
2000,6,5,0.048773658536585364
2000,6,6,0.06043041463414635
2000,6,7,-0.005904780487804876
2000,6,8,0.012189780487804879
2000,6,9,-0.019867880952380953
2000,6,diff,-0.15846440476190476
2000,7,0,-0.02229519047619048
2000,7,1,0.028319463414634146
2000,7,2,-0.03256217073170732
2000,7,3,0.003378878048780489
2000,7,4,-0.02286641463414634
2000,7,5,-0.016112365853658536
2000,7,6,0.03173078048780488
2000,7,7,0.04344173170731708
2000,7,8,0.010835292682926831
2000,7,9,-0.010556121951219513
2000,7,diff,0.011739068524970966
2000,8,0,0.06017192682926829
2000,8,1,0.07382348780487805
2000,8,2,0.011414949999999998
2000,8,3,0.08501036585365854
2000,8,4,0.029328775
2000,8,5,0.04941909756097561
2000,8,6,0.072050375
2000,8,7,0.0010507073170731723
2000,8,8,0.035000075000000005
2000,8,9,0.020637878048780492
2000,8,diff,-0.039534048780487795
2000,9,0,-0.07311760975609756
2000,9,1,-0.07136785
2000,9,2,0.0056758
2000,9,3,-0.019351926829268295
2000,9,4,-0.07308467500000002
2000,9,5,0.036452175
2000,9,6,-0.041669756097560975
2000,9,7,0.082515025
2000,9,8,-0.017540525
2000,9,9,-0.0644329756097561
2000,9,diff,0.008684634146341463
2000,10,0,-0.07085929268292683
2000,10,1,-0.012475000000000003
2000,10,2,-0.03234405
2000,10,3,-0.027123825
2000,10,4,-0.030216000000000003
2000,10,5,-0.040250749999999995
2000,10,6,-0.034405525
2000,10,7,-0.035078175
2000,10,8,-0.030231425
2000,10,9,-0.11510165853658536
2000,10,diff,-0.044242365853658525
2000,11,0,-0.18491249999999998
2000,11,1,-0.13683620000000002
2000,11,2,-0.06541638461538461
2000,11,3,-0.0804415
2000,11,4,-0.04376823076923077
2000,11,5,-0.036472725
2000,11,6,-0.03506007692307692
2000,11,7,-0.070943225
2000,11,8,-0.019787615384615383
2000,11,9,-0.12033555
2000,11,diff,0.06457694999999998
2000,12,0,-0.01794653846153846
2000,12,1,0.01694774358974359
2000,12,2,0.06433023684210526
2000,12,3,0.03439697435897436
2000,12,4,0.07252317948717948
2000,12,5,0.026411815789473686
2000,12,6,-0.016038717948717952
2000,12,7,0.04288473684210527
2000,12,8,-0.02483176923076923
2000,12,9,0.057469
2000,12,diff,0.07541553846153846
2001,1,0,0.17959441025641026
2001,1,1,0.0808146052631579
2001,1,2,0.12454253846153847
2001,1,3,0.12519497368421054
2001,1,4,0.11944064102564102
2001,1,5,0.17934426315789476
2001,1,6,0.13597523684210527
2001,1,7,0.24612169230769232
2001,1,8,0.14887094736842105
2001,1,9,0.31961187179487177
2001,1,diff,0.1400174615384615
2001,2,0,-0.12128089743589744
2001,2,1,-0.10031926315789474
2001,2,2,-0.07526031578947368
2001,2,3,-0.04146125641025641
2001,2,4,-0.05847065789473684
2001,2,5,-0.017196
2001,2,6,-0.030076871794871795
2001,2,7,0.0014171578947368472
2001,2,8,-0.007945342105263159
2001,2,9,0.013376974358974359
2001,2,diff,0.1346578717948718
2001,3,0,-0.11771813157894738
2001,3,1,-0.11210005263157893
2001,3,2,-0.10980984210526316
2001,3,3,-0.012162973684210527
2001,3,4,-0.025697342105263157
2001,3,5,-0.054580052631578946
2001,3,6,-0.06934442105263158
2001,3,7,-0.0614818947368421
2001,3,8,-0.09715034210526316
2001,3,9,-0.0521248947368421
2001,3,diff,0.06559323684210527
2001,4,0,0.13726218421052633
2001,4,1,0.16358073684210525
2001,4,2,0.06929745945945946
2001,4,3,0.07983978947368421
2001,4,4,0.039406054054054056
2001,4,5,0.031017394736842105
2001,4,6,0.008948810810810809
2001,4,7,0.04603368421052632
2001,4,8,0.04070962162162162
2001,4,9,0.09892126315789473
2001,4,diff,-0.038340921052631594
2001,5,0,0.029216658536585366
2001,5,1,0.020152225000000003
2001,5,2,0.009807199999999999
2001,5,3,0.08029585
2001,5,4,0.076125125
2001,5,5,0.05427735
2001,5,6,0.06233135000000001
2001,5,7,0.13704785
2001,5,8,0.035329849999999996
2001,5,9,0.08121737500000001
2001,5,diff,0.05200071646341464
2001,6,0,0.021347274999999995
2001,6,1,0.033681775
2001,6,2,0.04127553846153847
2001,6,3,0.044490275
2001,6,4,0.051548000000000004
2001,6,5,0.057138274999999995
2001,6,6,0.02927725641025641
2001,6,7,0.025765899999999998
2001,6,8,0.013181923076923079
2001,6,9,0.014909649999999997
2001,6,diff,-0.006437624999999999
2001,7,0,-0.06522947500000001
2001,7,1,-0.0541967435897436
2001,7,2,-0.031455589743589744
2001,7,3,-0.032959333333333334
2001,7,4,-0.017103600000000004
2001,7,5,-0.009580307692307692
2001,7,6,-0.02714715384615384
2001,7,7,-0.03732430769230769
2001,7,8,-0.008058358974358975
2001,7,9,1.4075000000000893e-05
2001,7,diff,0.06524355000000001
2001,8,0,-0.0825826923076923
2001,8,1,-0.035452974358974355
2001,8,2,-0.0478985641025641
2001,8,3,-0.023841871794871794
2001,8,4,-0.00686
2001,8,5,-0.032347342105263154
2001,8,6,-0.04631351282051282
2001,8,7,-0.014394076923076926
2001,8,8,-0.032120461538461535
2001,8,9,0.01316407692307692
2001,8,diff,0.09574676923076922
2001,9,0,-0.13440982051282052
2001,9,1,-0.13642382051282054
2001,9,2,-0.1082433947368421
2001,9,3,-0.14250548717948716
2001,9,4,-0.1348859487179487
2001,9,5,-0.10118784210526316
2001,9,6,-0.13072966666666666
2001,9,7,-0.13793636842105264
2001,9,8,-0.12338371794871794
2001,9,9,-0.08370584615384616
2001,9,diff,0.05070397435897436
2001,10,0,0.05951405128205129
2001,10,1,0.03526831578947368
2001,10,2,0.08618734210526316
2001,10,3,0.026632236842105268
2001,10,4,0.032133564102564106
2001,10,5,0.03967721052631579
2001,10,6,0.041147184210526315
2001,10,7,0.010914026315789475
2001,10,8,0.10364086842105262
2001,10,9,-0.06085853846153847
2001,10,diff,-0.12037258974358976
2001,11,0,0.11453997435897435
2001,11,1,0.08557405263157895
2001,11,2,0.04570847368421053
2001,11,3,0.1095775
2001,11,4,0.07738802631578946
2001,11,5,0.08874523684210527
2001,11,6,0.07962705263157895
2001,11,7,0.06530318421052632
2001,11,8,0.06989607894736842
2001,11,9,0.1814995
2001,11,diff,0.06695952564102566
2001,12,0,0.13211720512820513
2001,12,1,0.07316555263157895
2001,12,2,0.06074373684210527
2001,12,3,0.06362234210526316
2001,12,4,0.08188548717948718
2001,12,5,0.08469126315789474
2001,12,6,0.09987078947368422
2001,12,7,0.04693971052631579
2001,12,8,0.06733971052631578
2001,12,9,0.027093512820512818
2001,12,diff,-0.10502369230769232
2002,1,0,-0.07993942105263159
2002,1,1,-0.0710617894736842
2002,1,2,-0.01576107894736842
2002,1,3,0.01237142105263158
2002,1,4,-0.00970273684210526
2002,1,5,-0.013912684210526313
2002,1,6,-0.001541894736842105
2002,1,7,0.056926368421052635
2002,1,8,0.06904563157894737
2002,1,9,0.03880102631578947
2002,1,diff,0.11874044736842107
2002,2,0,-0.07233336842105263
2002,2,1,-0.011401078947368422
2002,2,2,-0.012813947368421051
2002,2,3,-0.02709572972972973
2002,2,4,-0.030542973684210526
2002,2,5,0.02085852631578947
2002,2,6,-0.04037210810810811
2002,2,7,0.0035275263157894766
2002,2,8,0.0028838157894736836
2002,2,9,-0.007968947368421053
2002,2,diff,0.06436442105263158
2002,3,0,0.06843642105263158
2002,3,1,0.0871202894736842
2002,3,2,0.07401683783783784
2002,3,3,0.08311573684210527
2002,3,4,0.07895664864864865
2002,3,5,0.0782311052631579
2002,3,6,0.08932243243243243
2002,3,7,0.07212060526315789
2002,3,8,0.08523024324324324
2002,3,9,0.13239347368421053
2002,3,diff,0.06395705263157896
2002,4,0,-0.07991384210526316
2002,4,1,-0.01306945945945946
2002,4,2,0.02188189189189189
2002,4,3,0.022662972972972973
2002,4,4,0.016461891891891893
2002,4,5,0.015418864864864863
2002,4,6,0.004199756756756757
2002,4,7,0.06812421621621621
2002,4,8,0.002268189189189187
2002,4,9,0.08240652631578947
2002,4,diff,0.16232036842105263
2002,5,0,-0.05446557894736842
2002,5,1,-0.03881489189189189
2002,5,2,-0.002347631578947369
2002,5,3,-0.023871783783783785
2002,5,4,-0.03736326315789474
2002,5,5,-0.01507262162162162
2002,5,6,-0.02503505405405405
2002,5,7,-0.03430507894736842
2002,5,8,-0.019254243243243242
2002,5,9,0.0019902894736842118
2002,5,diff,0.05645586842105263
2002,6,0,-0.19313915789473685
2002,6,1,-0.056318540540540536
2002,6,2,-0.05647891891891892
2002,6,3,-0.06672608108108108
2002,6,4,-0.03456164864864865
2002,6,5,-0.02725091891891892
2002,6,6,0.0003206756756756735
2002,6,7,-0.05891248648648649
2002,6,8,-0.0822262972972973
2002,6,9,-0.05314518918918919
2002,6,diff,0.13999396870554764
2002,7,0,-0.09157226315789474
2002,7,1,-0.11432978378378379
2002,7,2,-0.12083516216216217
2002,7,3,-0.12314827027027028
2002,7,4,-0.09637502702702704
2002,7,5,-0.17054454054054052
2002,7,6,-0.1296310810810811
2002,7,7,-0.11775832432432433
2002,7,8,-0.11548189189189188
2002,7,9,-0.08387663157894737
2002,7,diff,0.007695631578947371
2002,8,0,0.007786486486486485
2002,8,1,-0.032387648648648654
2002,8,2,0.005242250000000003
2002,8,3,0.010587864864864864
2002,8,4,0.015609945945945948
2002,8,5,-0.000255499999999998
2002,8,6,0.015558729729729727
2002,8,7,-0.059409027777777776
2002,8,8,0.026672324324324325
2002,8,9,0.005944243243243244
2002,8,diff,-0.001842243243243241
2002,9,0,-0.12595945945945947
2002,9,1,-0.05031525
2002,9,2,-0.06958972222222222
2002,9,3,-0.08595918918918918
2002,9,4,-0.05888447222222223
2002,9,5,-0.036077583333333337
2002,9,6,-0.04456018918918919
2002,9,7,-0.04666722222222222
2002,9,8,-0.06827438888888888
2002,9,9,-0.15385302702702702
2002,9,diff,-0.027893567567567557
2002,10,0,0.08483797222222222
2002,10,1,0.04357166666666667
2002,10,2,-0.0013109999999999988
2002,10,3,0.057218428571428566
2002,10,4,0.026217416666666667
2002,10,5,0.03880416666666667
2002,10,6,0.006072942857142858
2002,10,7,0.031910972222222216
2002,10,8,-0.0033328888888888913
2002,10,9,0.012748749999999998
2002,10,diff,-0.07208922222222222
2002,11,0,0.24050672222222222
2002,11,1,0.024433500000000004
2002,11,2,0.05237811428571429
2002,11,3,0.06743438888888889
2002,11,4,0.012485200000000002
2002,11,5,0.09530402777777777
2002,11,6,0.09518114285714285
2002,11,7,0.10032319444444443
2002,11,8,0.06102537142857143
2002,11,9,0.41491425
2002,11,diff,0.17440752777777777
2002,12,0,0.025944222222222223
2002,12,1,-0.028738
2002,12,2,-0.07250431428571429
2002,12,3,-0.011518714285714283
2002,12,4,0.001545942857142853
2002,12,5,-0.018023999999999995
2002,12,6,-0.05775423529411765
2002,12,7,-0.03925583333333333
2002,12,8,-0.04165091428571429
2002,12,9,-0.11571177142857143
2002,12,diff,-0.14165599365079365
2003,1,0,-0.030855416666666666
2003,1,1,-0.03153994285714286
2003,1,2,-0.03382288571428572
2003,1,3,-0.0039410857142857135
2003,1,4,-0.01436862857142857
2003,1,5,-0.014636428571428573
2003,1,6,0.0059491764705882355
2003,1,7,-0.006353277777777775
2003,1,8,0.009323828571428569
2003,1,9,0.033274085714285716
2003,1,diff,0.06412950238095239
2003,2,0,0.005197361111111112
2003,2,1,-0.020794314285714287
2003,2,2,-0.013320428571428573
2003,2,3,-0.011256828571428571
2003,2,4,-0.07730191428571428
2003,2,5,-0.0633012
2003,2,6,-0.07950585714285714
2003,2,7,-0.020544800000000002
2003,2,8,-0.0468814
2003,2,9,-0.03155502777777778
2003,2,diff,-0.03675238888888889
2003,3,0,-0.0025720285714285742
2003,3,1,0.005901971428571427
2003,3,2,0.00017899999999999953
2003,3,3,-0.006219114285714286
2003,3,4,-0.005916028571428573
2003,3,5,0.036326823529411766
2003,3,6,-0.008824942857142859
2003,3,7,-0.01017470588235294
2003,3,8,-0.03338328571428571
2003,3,9,0.0021392857142857116
2003,3,diff,0.004711314285714286
2003,4,0,0.0829652
2003,4,1,0.1000254
2003,4,2,0.08027050000000001
2003,4,3,0.09942054285714286
2003,4,4,0.07305317647058825
2003,4,5,0.10804651428571428
2003,4,6,0.14119876470588236
2003,4,7,0.06871197142857143
2003,4,8,0.12035279411764706
2003,4,9,0.18586942857142855
2003,4,diff,0.10290422857142854
2003,5,0,0.21595185714285714
2003,5,1,0.04814647058823529
2003,5,2,0.11167567647058824
2003,5,3,0.04539494117647059
2003,5,4,0.08385341176470588
2003,5,5,0.13041826470588236
2003,5,6,0.13447635294117646
2003,5,7,0.0931004705882353
2003,5,8,0.11693085294117647
2003,5,9,0.2889735142857143
2003,5,diff,0.07302165714285713
2003,6,0,0.127769
2003,6,1,0.020069514285714286
2003,6,2,0.014747085714285716
2003,6,3,0.058262742857142856
2003,6,4,0.07200748571428572
2003,6,5,0.0094384
2003,6,6,0.06665934285714287
2003,6,7,0.02499608571428571
2003,6,8,0.06344505714285714
2003,6,9,0.0625744
2003,6,diff,-0.06519459999999999
2003,7,0,0.18858525714285715
2003,7,1,0.062107942857142856
2003,7,2,0.03531082857142857
2003,7,3,0.039337323529411765
2003,7,4,0.07856177142857142
2003,7,5,0.06691425714285715
2003,7,6,0.05372717647058824
2003,7,7,0.08486394285714287
2003,7,8,0.10122965714285714
2003,7,9,0.06085688571428571
2003,7,diff,-0.12772837142857144
2003,8,0,0.03295242857142857
2003,8,1,0.06551747058823529
2003,8,2,0.038405029411764706
2003,8,3,0.04861377142857143
2003,8,4,0.02716864705882353
2003,8,5,0.026408705882352942
2003,8,6,0.06111508571428572
2003,8,7,0.03140685294117647
2003,8,8,0.05496564705882353
2003,8,9,0.05688928571428572
2003,8,diff,0.02393685714285715
2003,9,0,-0.0101355
2003,9,1,0.0016381764705882356
2003,9,2,-0.007283823529411766
2003,9,3,0.017659088235294117
2003,9,4,-0.01924758823529412
2003,9,5,0.023777323529411767
2003,9,6,-0.026301470588235294
2003,9,7,0.03469885294117647
2003,9,8,0.05251629411764706
2003,9,9,0.046878823529411764
2003,9,diff,0.05701432352941176
2003,10,0,0.10388667647058825
2003,10,1,0.06455255882352941
2003,10,2,0.07082617647058824
2003,10,3,0.11208491176470589
2003,10,4,0.06827905882352941
2003,10,5,0.0932984411764706
2003,10,6,0.05435755882352941
2003,10,7,0.07322714705882354
2003,10,8,0.06840470588235294
2003,10,9,0.06437229411764707
2003,10,diff,-0.03951438235294118
2003,11,0,0.03588314705882352
2003,11,1,0.009208393939393942
2003,11,2,0.10837972727272727
2003,11,3,0.056614727272727275
2003,11,4,0.04624276470588235
2003,11,5,0.025788848484848484
2003,11,6,0.004946939393939396
2003,11,7,0.01570657575757576
2003,11,8,0.12147781818181817
2003,11,9,0.010931735294117647
2003,11,diff,-0.024951411764705875
2003,12,0,0.015851666666666663
2003,12,1,0.007869515151515152
2003,12,2,0.04712121212121212
2003,12,3,0.02776809090909091
2003,12,4,0.029409757575757575
2003,12,5,0.030130687500000003
2003,12,6,0.03815254545454545
2003,12,7,0.04741257575757576
2003,12,8,0.07218936363636363
2003,12,9,0.1152010303030303
2003,12,diff,0.09934936363636364
2004,1,0,0.09464215151515153
2004,1,1,0.07065250000000001
2004,1,2,-0.007128454545454546
2004,1,3,0.040290781250000005
2004,1,4,0.04145766666666667
2004,1,5,0.0206193125
2004,1,6,0.07329865625
2004,1,7,0.0586839696969697
2004,1,8,0.09983565625
2004,1,9,0.07084372727272727
2004,1,diff,-0.02379842424242426
2004,2,0,0.008825272727272727
2004,2,1,0.010212874999999996
2004,2,2,0.011335000000000001
2004,2,3,0.01255625
2004,2,4,0.029466848484848485
2004,2,5,0.0038985312499999997
2004,2,6,-0.014393187499999998
2004,2,7,-0.017445281250000003
2004,2,8,0.02476290625
2004,2,9,0.060589393939393936
2004,2,diff,0.051764121212121206
2004,3,0,0.0106701875
2004,3,1,-0.015274187499999998
2004,3,2,-0.01933496875
2004,3,3,0.0002341249999999991
2004,3,4,0.0009877812499999997
2004,3,5,-0.003419741935483871
2004,3,6,-0.0005686562500000021
2004,3,7,0.0019160937500000003
2004,3,8,0.01268025
2004,3,9,0.00672440625
2004,3,diff,-0.0039457812500000005
2004,4,0,-0.06741159375
2004,4,1,-0.013912843749999999
2004,4,2,-0.02101996875
2004,4,3,-0.04555083870967742
2004,4,4,-0.056934
2004,4,5,-0.01300953125
2004,4,6,-0.03499290322580645
2004,4,7,-0.03813784375
2004,4,8,-0.0196323125
2004,4,9,0.016365781250000003
2004,4,diff,0.083777375
2004,5,0,-0.0025650000000000004
2004,5,1,-0.012155937499999998
2004,5,2,0.0033059354838709683
2004,5,3,-0.01707221875
2004,5,4,-0.031981709677419354
2004,5,5,0.011101937500000004
2004,5,6,-0.03311206451612903
2004,5,7,-0.015698875
2004,5,8,-0.026913645161290325
2004,5,9,-0.033856687499999996
2004,5,diff,-0.0312916875
2004,6,0,0.009260470588235294
2004,6,1,0.015209909090909092
2004,6,2,0.03728139393939394
2004,6,3,0.0346919696969697
2004,6,4,-0.008538764705882352
2004,6,5,0.05811578787878788
2004,6,6,0.04271654545454545
2004,6,7,0.06105384848484849
2004,6,8,0.02955
2004,6,9,0.03541438235294118
2004,6,diff,0.026153911764705884
2004,7,0,-0.10310860606060607
2004,7,1,-0.04405372727272727
2004,7,2,-0.041292242424242426
2004,7,3,-0.05984415151515152
2004,7,4,-0.06132330303030303
2004,7,5,-0.027568757575757573
2004,7,6,-0.03996781818181818
2004,7,7,-0.040835
2004,7,8,0.04636933333333333
2004,7,9,-0.03449724242424242
2004,7,diff,0.06861136363636364
2004,8,0,-0.005082911764705883
2004,8,1,0.028175696969696972
2004,8,2,0.005939454545454545
2004,8,3,-0.0003440909090909086
2004,8,4,0.006918818181818181
2004,8,5,0.0008865757575757585
2004,8,6,-0.037978454545454544
2004,8,7,-0.010143
2004,8,8,-0.01426587878787879
2004,8,9,-0.02067512121212121
2004,8,diff,-0.015592209447415328
2004,9,0,0.030764909090909096
2004,9,1,0.03678006060606061
2004,9,2,0.025256818181818182
2004,9,3,0.0471680303030303
2004,9,4,0.012689454545454544
2004,9,5,0.04552757575757576
2004,9,6,0.011706878787878787
2004,9,7,0.04808166666666667
2004,9,8,0.04587330303030303
2004,9,9,0.005739121212121213
2004,9,diff,-0.025025787878787883
2004,10,0,0.01565490909090909
2004,10,1,0.03154039393939394
2004,10,2,0.019439151515151517
2004,10,3,-0.009818575757575759
2004,10,4,0.012336969696969697
2004,10,5,0.004124625000000001
2004,10,6,0.02268127272727273
2004,10,7,0.03172760606060606
2004,10,8,0.018546151515151515
2004,10,9,0.024857999999999998
2004,10,diff,0.009203090909090907
2004,11,0,0.08941048484848484
2004,11,1,0.07430290909090909
2004,11,2,0.05087696875
2004,11,3,0.07266012121212122
2004,11,4,0.08562121875
2004,11,5,0.06260454545454545
2004,11,6,0.11094156250000001
2004,11,7,0.1052379393939394
2004,11,8,0.046242531249999996
2004,11,9,0.08417933333333334
2004,11,diff,-0.005231151515151494
2004,12,0,0.07295718181818181
2004,12,1,0.036532375
2004,12,2,0.0426079375
2004,12,3,0.04797145454545454
2004,12,4,0.01963059375
2004,12,5,0.05730096875
2004,12,6,0.06924124242424243
2004,12,7,0.05714821875
2004,12,8,0.04155321875
2004,12,9,0.048310787878787884
2004,12,diff,-0.024646393939393926
2005,1,0,-0.03789312121212121
2005,1,1,0.013472124999999998
2005,1,2,-0.036004875
2005,1,3,-0.03454296875
2005,1,4,-0.015503593750000001
2005,1,5,-0.03909884375
2005,1,6,-0.03426178125
2005,1,7,-0.014469125000000001
2005,1,8,-0.0246571875
2005,1,9,-0.0029362424242424254
2005,1,diff,0.03495687878787879
2005,2,0,-0.02462630303030303
2005,2,1,0.0236343125
2005,2,2,0.0685103125
2005,2,3,0.010246484848484849
2005,2,4,-0.026690375000000002
2005,2,5,0.01335053125
2005,2,6,0.012899242424242424
2005,2,7,-0.01093240625
2005,2,8,-0.012022343750000001
2005,2,9,0.007863454545454545
2005,2,diff,0.032489757575757575
2005,3,0,-0.12630128125
2005,3,1,-0.023240812500000003
2005,3,2,-0.006705656250000001
2005,3,3,-0.013962531249999998
2005,3,4,-0.01037309375
2005,3,5,-0.016821580645161288
2005,3,6,-0.022793125
2005,3,7,0.02671578125
2005,3,8,-0.02648184375
2005,3,9,-0.0264420625
2005,3,diff,0.09985921875
2005,4,0,-0.06316025
2005,4,1,-0.07678171875
2005,4,2,-0.0531100625
2005,4,3,-0.068225375
2005,4,4,-0.067239875
2005,4,5,-0.06523896774193548
2005,4,6,-0.06473378125
2005,4,7,-0.02825371875
2005,4,8,-0.05304775
2005,4,9,-0.017676125
2005,4,diff,0.045484125
2005,5,0,0.02362
2005,5,1,0.06727587878787879
2005,5,2,0.03721287878787879
2005,5,3,0.042414909090909086
2005,5,4,0.05956121212121212
2005,5,5,0.0215783125
2005,5,6,0.018207090909090912
2005,5,7,0.057347909090909095
2005,5,8,0.015765484848484848
2005,5,9,0.019270242424242422
2005,5,diff,-0.004349757575757576
2005,6,0,0.030037515151515152
2005,6,1,0.0882699696969697
2005,6,2,0.043830242424242424
2005,6,3,0.03895657575757576
2005,6,4,0.03962727272727273
2005,6,5,0.0301425625
2005,6,6,0.03197233333333334
2005,6,7,0.04027809090909091
2005,6,8,0.07265660606060606
2005,6,9,0.03804018181818181
2005,6,diff,0.008002666666666661
2005,7,0,0.08211930303030303
2005,7,1,0.03821790625
2005,7,2,0.011890242424242423
2005,7,3,0.036414375
2005,7,4,0.05844172727272727
2005,7,5,0.0372746875
2005,7,6,0.0956890625
2005,7,7,0.08285318181818181
2005,7,8,0.04739165625
2005,7,9,0.041903333333333334
2005,7,diff,-0.040215969696969694
2005,8,0,0.006707757575757575
2005,8,1,-0.02696821875
2005,8,2,0.003991156249999998
2005,8,3,-0.01398121875
2005,8,4,0.02443396875
2005,8,5,-0.0213120625
2005,8,6,-0.022805718750000002
2005,8,7,-0.024599093750000002
2005,8,8,-0.013201468749999997
2005,8,9,-0.02450721212121212
2005,8,diff,-0.031214969696969696
2005,9,0,-0.0011786874999999992
2005,9,1,-0.020604374999999998
2005,9,2,0.010664225806451611
2005,9,3,-0.016188625
2005,9,4,-0.0125049375
2005,9,5,-0.011223387096774194
2005,9,6,-0.00260634375
2005,9,7,-0.020128967741935486
2005,9,8,0.01084115625
2005,9,9,-0.020302625
2005,9,diff,-0.0191239375
2005,10,0,-0.04003675
2005,10,1,-0.03382048387096774
2005,10,2,-0.05197770967741936
2005,10,3,-0.02365921875
2005,10,4,-0.03297977419354839
2005,10,5,-0.02328567741935484
2005,10,6,-0.0353298125
2005,10,7,-0.038687838709677416
2005,10,8,-0.040508419354838704
2005,10,9,-0.018971
2005,10,diff,0.021065750000000005
2005,11,0,0.035099625
2005,11,1,0.09719912903225807
2005,11,2,0.03935609677419355
2005,11,3,0.04945375
2005,11,4,0.03532925806451613
2005,11,5,0.016576709677419352
2005,11,6,0.0075218125
2005,11,7,0.030731612903225805
2005,11,8,0.024658677419354836
2005,11,9,0.02178525
2005,11,diff,-0.013314375000000003
2005,12,0,0.0326419375
2005,12,1,0.03267474193548387
2005,12,2,-0.0034132580645161296
2005,12,3,0.003606032258064518
2005,12,4,0.0009442258064516135
2005,12,5,0.0034915806451612913
2005,12,6,0.029946193548387096
2005,12,7,-0.006771387096774194
2005,12,8,-0.0036974838709677416
2005,12,9,-0.007229531250000001
2005,12,diff,-0.03987146875
2006,1,0,0.0494176875
2006,1,1,0.08735977419354839
2006,1,2,0.03841667741935484
2006,1,3,0.07234119354838711
2006,1,4,0.058589935483870974
2006,1,5,0.07154835483870968
2006,1,6,0.08888393548387097
2006,1,7,0.06763183870967741
2006,1,8,0.054218612903225806
2006,1,9,0.014221062500000001
2006,1,diff,-0.035196625
2006,2,0,-0.03224528125
2006,2,1,0.00746458064516129
2006,2,2,0.02121048387096774
2006,2,3,0.013849967741935483
2006,2,4,-0.006855593750000001
2006,2,5,0.013375677419354838
2006,2,6,0.0029081612903225813
2006,2,7,-0.01103458064516129
2006,2,8,-0.006327741935483871
2006,2,9,0.00622946875
2006,2,diff,0.03847475
2006,3,0,0.036911624999999997
2006,3,1,0.04858858064516129
2006,3,2,0.05639148387096775
2006,3,3,0.03663806451612903
2006,3,4,0.06857446875
2006,3,5,0.02554293548387097
2006,3,6,0.05648738709677419
2006,3,7,0.03663777419354839
2006,3,8,0.030063290322580646
2006,3,9,0.008694624999999997
2006,3,diff,-0.028217
2006,4,0,0.07859640625
2006,4,1,-0.012025870967741936
2006,4,2,-0.008168
2006,4,3,0.032458258064516125
2006,4,4,0.004894548387096774
2006,4,5,0.008978
2006,4,6,-0.025134
2006,4,7,0.019533516129032254
2006,4,8,0.0006841612903225788
2006,4,9,0.021608903225806452
2006,4,diff,-0.056987503024193545
2006,5,0,-0.09632411764705882
2006,5,1,-0.06589454545454544
2006,5,2,-0.03321448484848485
2006,5,3,-0.024802454545454548
2006,5,4,-0.03975005882352941
2006,5,5,-0.047259242424242426
2006,5,6,-0.04515954545454545
2006,5,7,0.002284575757575756
2006,5,8,-0.03949757575757576
2006,5,9,-0.0009150882352941171
2006,5,diff,0.09540902941176471
2006,6,0,-0.042477181818181824
2006,6,1,-0.005211060606060607
2006,6,2,-0.03918863636363636
2006,6,3,-0.005352031250000001
2006,6,4,0.005515151515151515
2006,6,5,-0.022204545454545456
2006,6,6,0.004323718750000001
2006,6,7,0.02982430303030303
2006,6,8,0.004932030303030302
2006,6,9,-0.005497848484848484
2006,6,diff,0.036979333333333336
2006,7,0,-0.027859757575757576
2006,7,1,-0.04569209090909091
2006,7,2,-0.041528999999999996
2006,7,3,-0.0282379696969697
2006,7,4,-0.03138228125
2006,7,5,-0.02474442424242424
2006,7,6,-0.013991125000000002
2006,7,7,-0.031337666666666666
2006,7,8,-0.03317453125
2006,7,9,-0.016782939393939395
2006,7,diff,0.01107681818181818
2006,8,0,0.02114739393939394
2006,8,1,0.04418260606060606
2006,8,2,0.04543851515151515
2006,8,3,0.03055215625
2006,8,4,0.002378696969696968
2006,8,5,0.022194545454545453
2006,8,6,0.031470375
2006,8,7,0.054277151515151514
2006,8,8,0.04435730303030303
2006,8,9,0.03253445454545455
2006,8,diff,0.011387060606060605
2006,9,0,0.02043372727272727
2006,9,1,0.00901246875
2006,9,2,0.030945757575757574
2006,9,3,0.0050156874999999984
2006,9,4,0.01691160606060606
2006,9,5,0.0394289375
2006,9,6,0.007884843749999999
2006,9,7,0.017909545454545452
2006,9,8,0.01653390625
2006,9,9,0.026501090909090908
2006,9,diff,0.006067363636363638
2006,10,0,0.09013857575757575
2006,10,1,0.059615218750000004
2006,10,2,0.05203084375
2006,10,3,0.05655128125
2006,10,4,0.06671459375
2006,10,5,0.053203531250000005
2006,10,6,0.06940434375
2006,10,7,0.02790878125
2006,10,8,0.05554234375
2006,10,9,0.06135218181818181
2006,10,diff,-0.028786393939393938
2006,11,0,0.036581242424242426
2006,11,1,0.03555478125
2006,11,2,0.006696187500000002
2006,11,3,0.0162723125
2006,11,4,0.07486321875
2006,11,5,0.026556406249999998
2006,11,6,0.01543403125
2006,11,7,0.0303448125
2006,11,8,0.01738215625
2006,11,9,0.011257874999999999
2006,11,diff,-0.025323367424242425
2006,12,0,0.029838687500000002
2006,12,1,-0.00089334375
2006,12,2,-0.0003343870967741927
2006,12,3,-0.0180475625
2006,12,4,0.017792
2006,12,5,0.01890432258064516
2006,12,6,0.0055538125
2006,12,7,0.037053032258064514
2006,12,8,0.044039625
2006,12,9,0.03459903125
2006,12,diff,0.00476034375
2007,1,0,0.04719771875
2007,1,1,0.032878
2007,1,2,0.005640062500000002
2007,1,3,0.03182212903225807
2007,1,4,0.0014267812500000005
2007,1,5,0.005397774193548386
2007,1,6,0.03580129032258064
2007,1,7,0.0180971875
2007,1,8,0.04430722580645161
2007,1,9,0.028885125
2007,1,diff,-0.018312593749999998
2007,2,0,-0.0201250625
2007,2,1,0.0013144516129032257
2007,2,2,-0.011432354838709677
2007,2,3,-0.021746225806451615
2007,2,4,0.004475375
2007,2,5,0.0033050645161290314
2007,2,6,0.009425032258064518
2007,2,7,-0.028419451612903227
2007,2,8,-0.009442870967741934
2007,2,9,0.008131
2007,2,diff,0.028256062499999998
2007,3,0,0.0014163870967741946
2007,3,1,0.012081096774193549
2007,3,2,0.01893416129032258
2007,3,3,0.0055854516129032255
2007,3,4,0.030870129032258064
2007,3,5,0.026226166666666665
2007,3,6,-0.01469977419354839
2007,3,7,0.00807983870967742
2007,3,8,-0.024314548387096777
2007,3,9,-0.0031949677419354843
2007,3,diff,-0.004611354838709679
2007,4,0,0.13665825806451612
2007,4,1,0.04382132258064516
2007,4,2,0.012072866666666666
2007,4,3,0.019418322580645162
2007,4,4,-0.008101354838709676
2007,4,5,0.008872166666666665
2007,4,6,0.043926
2007,4,7,0.04228796666666667
2007,4,8,0.035756354838709675
2007,4,9,0.016714
2007,4,diff,-0.11994425806451611
2007,5,0,0.050344151515151515
2007,5,1,0.0519748125
2007,5,2,0.03540590625
2007,5,3,0.03505646875
2007,5,4,0.07153763636363637
2007,5,5,0.02577034375
2007,5,6,0.02177346875
2007,5,7,0.01559246875
2007,5,8,0.02029425
2007,5,9,0.07241624242424242
2007,5,diff,0.02207209090909091
2007,6,0,-0.00850018181818182
2007,6,1,0.01110990625
2007,6,2,-0.002757718749999999
2007,6,3,-0.015702562500000003
2007,6,4,0.0071720312500000005
2007,6,5,0.00915371875
2007,6,6,-0.01388865625
2007,6,7,-0.0023595937499999984
2007,6,8,-0.03481484375
2007,6,9,0.0023982121212121205
2007,6,diff,0.01089839393939394
2007,7,0,-0.076017
2007,7,1,-0.05522784375
2007,7,2,-0.0464775625
2007,7,3,-0.05643809375
2007,7,4,-0.045446545454545455
2007,7,5,-0.036349187500000005
2007,7,6,-0.05691178125
2007,7,7,-0.07680609375
2007,7,8,-0.050769749999999995
2007,7,9,-0.040916939393939394
2007,7,diff,0.03510006060606061
2007,8,0,-0.03783327272727273
2007,8,1,0.005042281250000002
2007,8,2,0.009455606060606058
2007,8,3,-0.023871375
2007,8,4,-0.00039772727272727225
2007,8,5,0.010617937499999997
2007,8,6,-0.0262774375
2007,8,7,-0.019733454545454547
2007,8,8,-0.03831625
2007,8,9,-0.02144378787878788
2007,8,diff,0.016389484848484848
2007,9,0,0.016190242424242426
2007,9,1,0.037781125
2007,9,2,0.01338915625
2007,9,3,0.017881303030303032
2007,9,4,0.011354625
2007,9,5,0.00044153124999999965
2007,9,6,0.012419484848484848
2007,9,7,-0.00968675
2007,9,8,-0.02118465625
2007,9,9,-0.02325572727272727
2007,9,diff,-0.0394459696969697
2007,10,0,0.024996090909090905
2007,10,1,0.08085221875
2007,10,2,0.016197875
2007,10,3,0.04801165625
2007,10,4,0.013656848484848483
2007,10,5,-0.0486098125
2007,10,6,-0.013693093750000001
2007,10,7,-0.01994834375
2007,10,8,-0.02161234375
2007,10,9,-0.013037
2007,10,diff,-0.038033090909090905
2007,11,0,-0.14028253125
2007,11,1,-0.05303565625
2007,11,2,-0.061084031250000004
2007,11,3,-0.1082345625
2007,11,4,-0.0812386875
2007,11,5,-0.0595394375
2007,11,6,-0.06158765625
2007,11,7,-0.12720865625
2007,11,8,-0.08267596875
2007,11,9,-0.08987909375
2007,11,diff,0.05040343750000001
2007,12,0,-0.04534621875
2007,12,1,-0.02656409375
2007,12,2,-0.01334690322580645
2007,12,3,0.00920484375
2007,12,4,-0.01032340625
2007,12,5,-0.017013290322580647
2007,12,6,-0.01884815625
2007,12,7,-0.03140825806451613
2007,12,8,0.002612562499999998
2007,12,9,-0.02384684375
2007,12,diff,0.021499375
2008,1,0,-0.142563375
2008,1,1,-0.0808723125
2008,1,2,-0.058463225806451614
2008,1,3,-0.0255556875
2008,1,4,-0.01192375
2008,1,5,-0.06470503225806452
2008,1,6,-0.0427920625
2008,1,7,-0.043894580645161295
2008,1,8,0.004849062500000001
2008,1,9,-0.0307003125
2008,1,diff,0.1118630625
2008,2,0,-0.05820765625
2008,2,1,-0.01821628125
2008,2,2,-0.03277048387096774
2008,2,3,-0.01799
2008,2,4,0.003670343750000001
2008,2,5,-0.06411741935483871
2008,2,6,-0.043498625
2008,2,7,-0.06642393548387097
2008,2,8,-0.07323609375000001
2008,2,9,-0.073203
2008,2,diff,-0.01499534375
2008,3,0,-0.05070415624999999
2008,3,1,0.02127
2008,3,2,-0.008964612903225809
2008,3,3,0.0010999687499999987
2008,3,4,0.008838516129032258
2008,3,5,-0.007254612903225808
2008,3,6,0.019513125000000003
2008,3,7,-0.028560354838709678
2008,3,8,0.048029903225806456
2008,3,9,0.01791121875
2008,3,diff,0.06861537499999999
2008,4,0,0.0236380625
2008,4,1,0.028836354838709676
2008,4,2,0.04207746875
2008,4,3,0.06923783870967742
2008,4,4,0.03452665625
2008,4,5,0.020386225806451615
2008,4,6,0.013608451612903227
2008,4,7,0.027058375
2008,4,8,0.03798316129032258
2008,4,9,-0.0497266875
2008,4,diff,-0.07336475
2008,5,0,0.05737590625
2008,5,1,0.008718806451612902
2008,5,2,0.0499526129032258
2008,5,3,0.024216225806451615
2008,5,4,0.0185820625
2008,5,5,0.024553935483870967
2008,5,6,0.008042
2008,5,7,-0.0005235161290322596
2008,5,8,-0.015268451612903227
2008,5,9,0.01652325
2008,5,diff,-0.040852656249999994
2008,6,0,-0.11077561764705883
2008,6,1,-0.08162742424242424
2008,6,2,-0.09384727272727274
2008,6,3,-0.09336666666666665
2008,6,4,-0.10560339393939394
2008,6,5,-0.13884469696969698
2008,6,6,-0.12630209090909092
2008,6,7,-0.11900372727272727
2008,6,8,-0.17456242424242424
2008,6,9,-0.10626854545454545
2008,6,diff,0.004507072192513381
2008,7,0,0.0033285757575757568
2008,7,1,-0.041972333333333334
2008,7,2,-0.028406969696969698
2008,7,3,0.060246909090909094
2008,7,4,0.019323030303030304
2008,7,5,0.02823281818181818
2008,7,6,0.03670933333333334
2008,7,7,-0.01977430303030303
2008,7,8,0.012057848484848485
2008,7,9,-0.035867181818181826
2008,7,diff,-0.039195757575757585
2008,8,0,0.011600333333333334
2008,8,1,0.06361560606060605
2008,8,2,0.012470454545454547
2008,8,3,0.009149939393939394
2008,8,4,0.032098515151515156
2008,8,5,0.03986215151515151
2008,8,6,0.04617657575757576
2008,8,7,0.026161848484848482
2008,8,8,0.07051433333333333
2008,8,9,-0.04562415151515152
2008,8,diff,-0.05722448484848486
2008,9,0,-0.18127572727272726
2008,9,1,-0.12443572727272728
2008,9,2,-0.0699903125
2008,9,3,-0.1116130606060606
2008,9,4,-0.12712648484848485
2008,9,5,-0.03867759375
2008,9,6,-0.0919940909090909
2008,9,7,-0.098262375
2008,9,8,-0.14029169696969698
2008,9,9,-0.15534866666666666
2008,9,diff,0.025927060606060592
2008,10,0,-0.2273697878787879
2008,10,1,-0.20711169696969695
2008,10,2,-0.22142178125
2008,10,3,-0.22053639393939395
2008,10,4,-0.20887228125
2008,10,5,-0.23616981818181818
2008,10,6,-0.24163559375
2008,10,7,-0.2731411212121212
2008,10,8,-0.2957995625
2008,10,9,-0.28414757575757577
2008,10,diff,-0.05677778787878787
2008,11,0,-0.14522130303030303
2008,11,1,-0.11004643750000001
2008,11,2,-0.0667450625
2008,11,3,-0.14094700000000002
2008,11,4,-0.1408156875
2008,11,5,-0.1679531875
2008,11,6,-0.19450242424242425
2008,11,7,-0.18058303125
2008,11,8,-0.1961470625
2008,11,9,-0.132983
2008,11,diff,0.012238303030303044
2008,12,0,0.0283685
2008,12,1,0.05836471875
2008,12,2,0.08486596874999999
2008,12,3,0.06642065625
2008,12,4,0.015919437500000005
2008,12,5,0.07224934375
2008,12,6,0.055128125
2008,12,7,0.007457687499999994
2008,12,8,0.03127603125
2008,12,9,0.07247296875
2008,12,diff,0.04410446875
2009,1,0,0.0036237812499999938
2009,1,1,-0.07162728125
2009,1,2,-0.09261438709677419
2009,1,3,-0.11422284375
2009,1,4,-0.09531121875000001
2009,1,5,-0.08116258064516128
2009,1,6,-0.06982990625
2009,1,7,-0.10653554838709678
2009,1,8,-0.03665915625
2009,1,9,0.049380437500000006
2009,1,diff,0.04575665625000001
2009,2,0,-0.086514125
2009,2,1,-0.08303590625
2009,2,2,-0.10774064516129032
2009,2,3,-0.1179328125
2009,2,4,-0.10433815625
2009,2,5,-0.19545383870967742
2009,2,6,-0.16506325
2009,2,7,-0.13863632258064515
2009,2,8,-0.189390625
2009,2,9,-0.14422096875
2009,2,diff,-0.057706843750000014
2009,3,0,0.09257234375000001
2009,3,1,0.0598703870967742
2009,3,2,0.09964596875
2009,3,3,0.0734668064516129
2009,3,4,0.20115003125
2009,3,5,0.15856261290322582
2009,3,6,0.13318264516129033
2009,3,7,0.14112406249999998
2009,3,8,0.15268467741935485
2009,3,9,0.316898
2009,3,diff,0.22432565625
2009,4,0,0.246419625
2009,4,1,0.10123564516129031
2009,4,2,0.14669974193548385
2009,4,3,0.1879896875
2009,4,4,0.1587023870967742
2009,4,5,0.28114709677419353
2009,4,6,0.2461500625
2009,4,7,0.2971825806451613
2009,4,8,0.2781215806451613
2009,4,9,0.5108628125
2009,4,diff,0.26444318749999995
2009,5,0,0.10604046875
2009,5,1,0.02790525806451613
2009,5,2,0.07487854838709677
2009,5,3,0.03957893548387097
2009,5,4,0.07081116129032257
2009,5,5,0.02580370967741936
2009,5,6,0.09361732258064516
2009,5,7,0.11519074193548387
2009,5,8,0.12391090322580646
2009,5,9,0.1079998125
2009,5,diff,0.001959343749999995
2009,6,0,-0.026252343749999997
2009,6,1,0.0351884375
2009,6,2,0.033943062499999996
2009,6,3,-0.000539562500000001
2009,6,4,-0.012160718749999999
2009,6,5,-0.002131483870967742
2009,6,6,0.015634812499999998
2009,6,7,0.05025803125
2009,6,8,0.0972714375
2009,6,9,0.1769674375
2009,6,diff,0.20321978124999998
2009,7,0,0.07335675
2009,7,1,0.0836684375
2009,7,2,0.08779309375
2009,7,3,0.10950754838709678
2009,7,4,0.08539990625
2009,7,5,0.131599
2009,7,6,0.29992329032258064
2009,7,7,0.19329909375
2009,7,8,0.0536861875
2009,7,9,0.14018296875
2009,7,diff,0.06682621875
2009,8,0,0.2236245
2009,8,1,0.03547903125
2009,8,2,0.016883750000000003
2009,8,3,0.019611161290322584
2009,8,4,0.07998875
2009,8,5,0.090718
2009,8,6,0.12426125806451613
2009,8,7,0.0852175
2009,8,8,0.19496475
2009,8,9,0.35351521875
2009,8,diff,0.12989071875000002
2009,9,0,0.10534584375
2009,9,1,0.078400625
2009,9,2,0.05466287096774194
2009,9,3,0.08702828125
2009,9,4,0.048980645161290325
2009,9,5,0.07214484374999999
2009,9,6,0.03959451612903226
2009,9,7,0.06721021875000001
2009,9,8,0.09067648387096774
2009,9,9,0.11537246875
2009,9,diff,0.010026624999999997
2009,10,0,-0.028545375
2009,10,1,0.00046419354838709675
2009,10,2,-0.03618561290322581
2009,10,3,-0.030655375
2009,10,4,-0.05430393548387097
2009,10,5,-0.07005435483870968
2009,10,6,-0.0379504375
2009,10,7,-0.03426487096774194
2009,10,8,-0.04046051612903226
2009,10,9,0.021481187500000002
2009,10,diff,0.0500265625
2009,11,0,0.08090403225806451
2009,11,1,0.07028164516129032
2009,11,2,0.031035066666666666
2009,11,3,0.0235378064516129
2009,11,4,0.01978238709677419
2009,11,5,0.050708633333333336
2009,11,6,0.02398567741935484
2009,11,7,0.027125566666666667
2009,11,8,0.04272396774193549
2009,11,9,0.026620548387096776
2009,11,diff,-0.054283483870967736
2009,12,0,0.08114800000000001
2009,12,1,0.07579423333333332
2009,12,2,0.07853943333333334
2009,12,3,0.048930290322580644
2009,12,4,0.06866733333333334
2009,12,5,0.058279700000000004
2009,12,6,0.09175693548387097
2009,12,7,0.07818863333333333
2009,12,8,0.037575033333333334
2009,12,9,0.053797677419354845
2009,12,diff,-0.027350322580645167
2010,1,0,0.019738516129032255
2010,1,1,-0.03513293333333333
2010,1,2,-0.021791866666666666
2010,1,3,-0.029713466666666667
2010,1,4,-0.059290612903225806
2010,1,5,-0.023249266666666667
2010,1,6,-0.019243066666666666
2010,1,7,-0.026310066666666666
2010,1,8,0.003854899999999999
2010,1,9,0.07610983870967743
2010,1,diff,0.05637132258064517
2010,2,0,0.05071067741935484
2010,2,1,0.022346900000000003
2010,2,2,0.07141646666666666
2010,2,3,0.0540882
2010,2,4,0.03401383870967742
2010,2,5,0.03373573333333334
2010,2,6,0.03712323333333333
2010,2,7,0.035926099999999996
2010,2,8,0.04168333333333333
2010,2,9,0.0178141935483871
2010,2,diff,-0.03289648387096774
2010,3,0,0.09861045161290323
2010,3,1,0.04528123333333333
2010,3,2,0.0949251
2010,3,3,0.0928957
2010,3,4,0.07990845161290322
2010,3,5,0.0918775
2010,3,6,0.0802938
2010,3,7,0.06830753333333334
2010,3,8,0.056719599999999995
2010,3,9,0.10803729032258065
2010,3,diff,0.009426838709677421
2010,4,0,0.20949570967741937
2010,4,1,0.029241933333333338
2010,4,2,0.03182753333333333
2010,4,3,0.06454526666666667
2010,4,4,0.09798412903225806
2010,4,5,0.0894341
2010,4,6,0.06973626666666667
2010,4,7,0.15757643333333335
2010,4,8,0.13232536666666667
2010,4,9,0.16057109677419354
2010,4,diff,-0.048924612903225834
2010,5,0,-0.11469364516129031
2010,5,1,-0.0653175
2010,5,2,-0.06729686666666666
2010,5,3,-0.08421783333333334
2010,5,4,-0.086818
2010,5,5,-0.0843533
2010,5,6,-0.08177989999999999
2010,5,7,-0.07843503333333332
2010,5,8,-0.11705186666666667
2010,5,9,-0.1038652
2010,5,diff,0.010828445161290307
2010,6,0,-0.11131609677419355
2010,6,1,-0.06313983870967742
2010,6,2,-0.05005577419354838
2010,6,3,-0.08334753333333333
2010,6,4,-0.08226803225806452
2010,6,5,-0.05192622580645161
2010,6,6,-0.08253706666666667
2010,6,7,-0.053076451612903225
2010,6,8,-0.09126612903225807
2010,6,9,-0.09552958064516129
2010,6,diff,0.015786516129032258
2010,7,0,0.12035590322580646
2010,7,1,0.09680116666666666
2010,7,2,0.06915846666666667
2010,7,3,0.053645766666666664
2010,7,4,0.04541323333333334
2010,7,5,0.0866773
2010,7,6,0.12937736666666666
2010,7,7,0.059827233333333334
2010,7,8,0.03271463333333333
2010,7,9,0.10983493548387097
2010,7,diff,-0.010520967741935491
2010,8,0,-0.08505993548387097
2010,8,1,-0.06334863333333333
2010,8,2,-0.04355506666666666
2010,8,3,-0.06225943333333333
2010,8,4,-0.0823501
2010,8,5,-0.08476433333333334
2010,8,6,-0.10263953333333334
2010,8,7,-0.0935536
2010,8,8,-0.0950235
2010,8,9,-0.1104083
2010,8,diff,-0.025348364516129027
2010,9,0,0.11318800000000001
2010,9,1,0.11766803333333334
2010,9,2,0.12707303333333334
2010,9,3,0.12359936666666665
2010,9,4,0.10865419999999999
2010,9,5,0.13456100000000001
2010,9,6,0.1337813
2010,9,7,0.12364866666666667
2010,9,8,0.08261493333333333
2010,9,9,0.10595483333333333
2010,9,diff,-0.007233166666666679
2010,10,0,0.006631499999999999
2010,10,1,0.033589433333333335
2010,10,2,0.05508237931034483
2010,10,3,0.017822266666666663
2010,10,4,0.05720583333333333
2010,10,5,0.014923275862068965
2010,10,6,0.04257453333333334
2010,10,7,0.05183889655172414
2010,10,8,0.0798869
2010,10,9,0.0525503
2010,10,diff,0.0459188
2010,11,0,0.01089106666666667
2010,11,1,0.0142196
2010,11,2,0.016726366666666666
2010,11,3,0.0221251
2010,11,4,0.023971233333333335
2010,11,5,0.03798437931034483
2010,11,6,0.04810526666666667
2010,11,7,0.0395436
2010,11,8,0.06286656666666667
2010,11,9,0.016656533333333334
2010,11,diff,0.005765466666666665
2010,12,0,0.07652733333333334
2010,12,1,0.07299663333333334
2010,12,2,0.07662820689655171
2010,12,3,0.08206246666666667
2010,12,4,0.09026856666666667
2010,12,5,0.1062871724137931
2010,12,6,0.07123446666666666
2010,12,7,0.08016341379310345
2010,12,8,0.1651099
2010,12,9,0.07679326666666667
2010,12,diff,0.00026593333333332914
2011,1,0,0.0015675666666666692
2011,1,1,-0.0030620666666666676
2011,1,2,-0.0041560689655172406
2011,1,3,-0.016283233333333334
2011,1,4,-0.002299034482758618
2011,1,5,-0.0031932
2011,1,6,-0.026200655172413795
2011,1,7,0.015536800000000002
2011,1,8,-0.015021689655172416
2011,1,9,0.013331033333333334
2011,1,diff,0.011763466666666665
2011,2,0,0.38908143333333334
2011,2,1,0.0614435
2011,2,2,0.06738527586206897
2011,2,3,0.041374466666666665
2011,2,4,0.07668824137931034
2011,2,5,0.032108533333333335
2011,2,6,0.05609372413793104
2011,2,7,0.06426966666666667
2011,2,8,0.08300772413793105
2011,2,9,0.06720260000000002
2011,2,diff,-0.32187883333333334
2011,3,0,-0.011053100000000001
2011,3,1,-0.0003803448275862083
2011,3,2,0.021382827586206896
2011,3,3,0.030773137931034485
2011,3,4,0.021752800000000003
2011,3,5,0.002810724137931034
2011,3,6,0.00983462068965517
2011,3,7,0.017608103448275864
2011,3,8,-0.006204310344827586
2011,3,9,-0.05296276666666667
2011,3,diff,-0.041909666666666665
2011,4,0,-0.009626399999999998
2011,4,1,0.008394206896551721
2011,4,2,0.0359478275862069
2011,4,3,0.01801844827586207
2011,4,4,0.019359400000000002
2011,4,5,0.014619586206896552
2011,4,6,-0.011636172413793104
2011,4,7,0.01603448275862069
2011,4,8,0.045720482758620694
2011,4,9,0.017919300000000003
2011,4,diff,0.0275457
2011,5,0,-0.03489196774193548
2011,5,1,-0.007009266666666667
2011,5,2,-0.0026728333333333326
2011,5,3,-0.015078451612903228
2011,5,4,-0.002761733333333333
2011,5,5,-0.001924933333333334
2011,5,6,0.006326903225806453
2011,5,7,-0.028316266666666666
2011,5,8,-0.03000093333333333
2011,5,9,-0.029563225806451616
2011,5,diff,0.005328741935483865
2011,6,0,-0.010688741935483873
2011,6,1,-0.017755166666666666
2011,6,2,-0.010163133333333333
2011,6,3,0.0016958999999999993
2011,6,4,0.0020910967741935493
2011,6,5,-0.0083232
2011,6,6,-0.024783799999999998
2011,6,7,-0.03636196666666667
2011,6,8,-0.06780570000000001
2011,6,9,0.0034084516129032263
2011,6,diff,0.014097193548387099
2011,7,0,-0.0609436
2011,7,1,-0.03655013333333333
2011,7,2,-0.01158366666666667
2011,7,3,-0.03917753333333333
2011,7,4,-0.019472633333333333
2011,7,5,-0.03986
2011,7,6,-0.04327206666666667
2011,7,7,-0.0560843
2011,7,8,-0.05074223333333334
2011,7,9,-0.04395706666666667
2011,7,diff,0.01698653333333333
2011,8,0,-0.13782074193548388
2011,8,1,-0.10537816666666666
2011,8,2,-0.06247506666666667
2011,8,3,-0.060250033333333335
2011,8,4,-0.0529574
2011,8,5,-0.11219163333333333
2011,8,6,-0.07125096666666667
2011,8,7,-0.10492913333333333
2011,8,8,-0.0728163
2011,8,9,-0.08082883333333334
2011,8,diff,0.056991908602150546
2011,9,0,-0.1139704
2011,9,1,-0.1163062
2011,9,2,-0.09424344827586208
2011,9,3,-0.1063755
2011,9,4,-0.10275630000000001
2011,9,5,-0.11197572413793103
2011,9,6,-0.07430303333333334
2011,9,7,-0.1193426551724138
2011,9,8,-0.14448503333333335
2011,9,9,-0.11611060000000001
2011,9,diff,-0.0021402000000000088
2011,10,0,0.11597073333333334
2011,10,1,0.17241710344827588
2011,10,2,0.1225024
2011,10,3,0.13211344827586208
2011,10,4,0.14637806666666667
2011,10,5,0.1373494827586207
2011,10,6,0.1124931724137931
2011,10,7,0.11924323333333332
2011,10,8,0.1264829655172414
2011,10,9,0.14015986666666666
2011,10,diff,0.02418913333333332
2011,11,0,0.04912886206896552
2011,11,1,0.004074620689655173
2011,11,2,-0.021699793103448276
2011,11,3,-0.01800644827586207
2011,11,4,0.004219827586206896
2011,11,5,-0.006608620689655172
2011,11,6,-0.0006183793103448282
2011,11,7,-0.017485827586206898
2011,11,8,-0.043281689655172415
2011,11,9,-0.07873706896551724
2011,11,diff,-0.12786593103448277
2011,12,0,-0.01988903448275862
2011,12,1,-0.010427379310344827
2011,12,2,-0.009715793103448276
2011,12,3,9.068965517240878e-06
2011,12,4,-0.0061815517241379314
2011,12,5,0.006327551724137931
2011,12,6,0.008172551724137932
2011,12,7,0.011648172413793104
2011,12,8,0.04412841379310344
2011,12,9,0.027695137931034477
2011,12,diff,0.0475841724137931
2012,1,0,0.16413527586206894
2012,1,1,0.04695089655172414
2012,1,2,0.06285058620689656
2012,1,3,0.04315886206896551
2012,1,4,0.03376844827586207
2012,1,5,0.06202389285714286
2012,1,6,0.08056910344827586
2012,1,7,0.08081837931034483
2012,1,8,0.07418168965517241
2012,1,9,0.08114458620689656
2012,1,diff,-0.08299068965517238
2012,2,0,-0.014160655172413794
2012,2,1,0.04249355172413793
2012,2,2,0.04482886206896551
2012,2,3,0.04742146428571429
2012,2,4,0.03404489655172414
2012,2,5,0.031070172413793104
2012,2,6,0.033225392857142856
2012,2,7,0.048239000000000004
2012,2,8,0.042954793103448276
2012,2,9,0.016483137931034484
2012,2,diff,0.03064379310344828
2012,3,0,0.053090724137931034
2012,3,1,0.027809310344827587
2012,3,2,0.01959167857142857
2012,3,3,0.054032482758620694
2012,3,4,0.029124758620689653
2012,3,5,0.018019285714285713
2012,3,6,0.028362724137931034
2012,3,7,0.03421771428571428
2012,3,8,0.03346386206896552
2012,3,9,0.05197941379310345
2012,3,diff,-0.0011113103448275805
2012,4,0,-0.0046093103448275885
2012,4,1,-0.015082928571428572
2012,4,2,-0.020107172413793103
2012,4,3,-0.0041737499999999995
2012,4,4,0.004570655172413793
2012,4,5,-0.025214892857142856
2012,4,6,-0.05333153571428571
2012,4,7,-0.00514055172413793
2012,4,8,-0.017148071428571426
2012,4,9,-0.011392758620689654
2012,4,diff,-0.006783448275862065
2012,5,0,-0.10572666666666668
2012,5,1,-0.07613650000000001
2012,5,2,-0.07215446666666667
2012,5,3,-0.06602156666666667
2012,5,4,-0.0794223
2012,5,5,-0.11254099999999999
2012,5,6,-0.07198299999999999
2012,5,7,-0.06473023333333333
2012,5,8,-0.040026266666666664
2012,5,9,-0.07222293333333334
2012,5,diff,0.03350373333333334
2012,6,0,0.04913203333333334
2012,6,1,0.027977
2012,6,2,0.0321058
2012,6,3,0.05015037931034483
2012,6,4,0.0706498
2012,6,5,0.04881963333333333
2012,6,6,0.05936637931034482
2012,6,7,0.06182443333333333
2012,6,8,0.03987126666666666
2012,6,9,0.029186533333333334
2012,6,diff,-0.019945500000000005
2012,7,0,-0.01949563333333333
2012,7,1,-0.007155933333333333
2012,7,2,-0.03947356666666666
2012,7,3,0.010659862068965516
2012,7,4,-0.031550933333333336
2012,7,5,-0.03197303333333333
2012,7,6,-0.009922965517241379
2012,7,7,-0.015642866666666668
2012,7,8,-0.0007301333333333346
2012,7,9,0.005666766666666666
2012,7,diff,0.025162399999999998
2012,8,0,0.0298164
2012,8,1,0.03980093103448276
2012,8,2,0.021313633333333335
2012,8,3,0.03900979310344827
2012,8,4,0.0632913
2012,8,5,0.02011151724137931
2012,8,6,0.02905451724137931
2012,8,7,0.03480606666666666
2012,8,8,0.05276096551724138
2012,8,9,0.03536856666666666
2012,8,diff,0.005552166666666664
2012,9,0,0.04218143333333334
2012,9,1,0.03894748275862069
2012,9,2,0.035289206896551725
2012,9,3,0.05998353333333333
2012,9,4,0.06943503448275862
2012,9,5,0.01568844827586207
2012,9,6,0.038915566666666665
2012,9,7,0.04375806896551725
2012,9,8,0.019261275862068966
2012,9,9,0.0427946
2012,9,diff,0.0006131666666666646
2012,10,0,0.021763166666666667
2012,10,1,0.0024387931034482737
2012,10,2,-0.041679241379310346
2012,10,3,-0.008141966666666667
2012,10,4,-0.03613110344827586
2012,10,5,0.0003453103448275851
2012,10,6,-0.0036231666666666647
2012,10,7,0.006120551724137933
2012,10,8,-0.028207413793103445
2012,10,9,-0.004451933333333334
2012,10,diff,-0.0262151
2012,11,0,-0.00552623333333333
2012,11,1,0.013002310344827588
2012,11,2,0.026570862068965518
2012,11,3,0.004728206896551725
2012,11,4,0.020971733333333333
2012,11,5,0.02750796551724138
2012,11,6,0.001644689655172414
2012,11,7,0.014850655172413792
2012,11,8,-0.026326689655172413
2012,11,9,-0.035211733333333335
2012,11,diff,-0.029685500000000004
2012,12,0,0.04839003333333333
2012,12,1,0.027833689655172415
2012,12,2,0.026247620689655173
2012,12,3,0.012943068965517243
2012,12,4,0.05009913793103449
2012,12,5,0.039068241379310344
2012,12,6,0.01265296551724138
2012,12,7,0.050546137931034484
2012,12,8,0.04100231034482759
2012,12,9,0.11613048275862069
2012,12,diff,0.06774044942528736
2013,1,0,0.09691979310344828
2013,1,1,0.09741765517241378
2013,1,2,0.05878134482758621
2013,1,3,0.059145551724137935
2013,1,4,0.05443506896551724
2013,1,5,0.03502965517241379
2013,1,6,0.07213475862068966
2013,1,7,0.05466882758620689
2013,1,8,0.07731244827586208
2013,1,9,0.20467941379310345
2013,1,diff,0.10775962068965517
2013,2,0,0.0345551
2013,2,1,0.011592931034482758
2013,2,2,0.02594996551724138
2013,2,3,-0.002904620689655171
2013,2,4,0.02992789655172414
2013,2,5,-0.007581275862068964
2013,2,6,0.014189655172413792
2013,2,7,0.011576931034482759
2013,2,8,0.06341703448275862
2013,2,9,0.02094303448275862
2013,2,diff,-0.013612065517241378
2013,3,0,0.11191234482758622
2013,3,1,0.036518482758620685
2013,3,2,0.0498181724137931
2013,3,3,0.06267120689655171
2013,3,4,0.042487931034482763
2013,3,5,0.02944251724137931
2013,3,6,0.058151172413793105
2013,3,7,0.03859420689655173
2013,3,8,0.05789679310344827
2013,3,9,0.10927813793103448
2013,3,diff,-0.0026342068965517357
2013,4,0,0.06016468965517241
2013,4,1,0.03167803448275862
2013,4,2,0.03555620689655173
2013,4,3,0.0162195
2013,4,4,0.018868655172413793
2013,4,5,0.003276896551724137
2013,4,6,-0.0014240714285714269
2013,4,7,-0.005452793103448277
2013,4,8,-0.01473248275862069
2013,4,9,-0.030920275862068965
2013,4,diff,-0.09108496551724138
2013,5,0,0.04313422580645161
2013,5,1,0.06972946666666666
2013,5,2,0.06645316666666666
2013,5,3,0.04999267741935484
2013,5,4,0.054285400000000004
2013,5,5,0.028468000000000004
2013,5,6,0.0745344193548387
2013,5,7,0.028652166666666663
2013,5,8,0.07628333333333333
2013,5,9,0.04896051612903226
2013,5,diff,0.0058262903225806476
2013,6,0,0.05309383870967741
2013,6,1,-8.386666666666728e-05
2013,6,2,0.014019433333333334
2013,6,3,-0.007173066666666668
2013,6,4,0.007401903225806451
2013,6,5,0.008685
2013,6,6,-0.022963033333333334
2013,6,7,-0.009546366666666667
2013,6,8,0.021751499999999997
2013,6,9,0.0059123870967741935
2013,6,diff,-0.04718145161290322
2013,7,0,0.07162690322580645
2013,7,1,0.0935439
2013,7,2,0.10601523333333333
2013,7,3,0.06621769999999999
2013,7,4,0.07251406666666667
2013,7,5,0.06108803333333333
2013,7,6,0.0726363
2013,7,7,0.08997843333333333
2013,7,8,0.07655150000000001
2013,7,9,0.07384843333333334
2013,7,diff,0.0022215301075268895
2013,8,0,-0.03429253333333333
2013,8,1,0.007741000000000002
2013,8,2,-0.021302133333333338
2013,8,3,-0.027974600000000002
2013,8,4,-0.03383136666666667
2013,8,5,-0.048537366666666665
2013,8,6,-0.030961100000000002
2013,8,7,-0.046035966666666664
2013,8,8,-0.016839100000000003
2013,8,9,-0.028048833333333335
2013,8,diff,0.006243699999999998
2013,9,0,0.09042196774193548
2013,9,1,0.04834493333333333
2013,9,2,0.040742099999999996
2013,9,3,0.0453414
2013,9,4,0.07726053333333334
2013,9,5,0.0755543
2013,9,6,0.05351026666666667
2013,9,7,0.07659583333333334
2013,9,8,0.060454
2013,9,9,0.03401556666666667
2013,9,diff,-0.05640640107526881
2013,10,0,0.02099713333333333
2013,10,1,0.034716199999999996
2013,10,2,0.017085233333333335
2013,10,3,0.04639463333333334
2013,10,4,0.046108333333333335
2013,10,5,0.06509286206896552
2013,10,6,0.04431823333333333
2013,10,7,0.0149163
2013,10,8,0.04447583333333334
2013,10,9,0.05493376666666667
2013,10,diff,0.03393663333333334
2013,11,0,0.0243568
2013,11,1,0.059870933333333334
2013,11,2,0.032795413793103446
2013,11,3,0.03628446666666667
2013,11,4,0.04672536666666667
2013,11,5,0.04232431034482759
2013,11,6,0.05995263333333333
2013,11,7,0.03014993103448276
2013,11,8,0.05131046666666666
2013,11,9,0.05763713333333333
2013,11,diff,0.03328033333333333
2013,12,0,0.028059999999999998
2013,12,1,0.0502288
2013,12,2,0.04165668965517241
2013,12,3,0.02996036666666667
2013,12,4,0.01586858620689655
2013,12,5,0.008335033333333334
2013,12,6,0.012666137931034483
2013,12,7,-0.011382966666666664
2013,12,8,0.03250958620689655
2013,12,9,0.04630836666666667
2013,12,diff,0.018248366666666672
2014,1,0,0.0027121
2014,1,1,-0.03064006896551724
2014,1,2,-0.029747633333333336
2014,1,3,-0.01911475862068965
2014,1,4,-0.06468466666666667
2014,1,5,-0.014509275862068967
2014,1,6,-0.040985655172413794
2014,1,7,-0.026961
2014,1,8,-0.03460996551724138
2014,1,9,-0.026156466666666666
2014,1,diff,-0.028868566666666665
2014,2,0,0.05964283333333333
2014,2,1,0.053666
2014,2,2,0.04800727586206897
2014,2,3,0.051808275862068966
2014,2,4,0.0504004
2014,2,5,0.03808489655172413
2014,2,6,0.07594344827586207
2014,2,7,0.04659834482758621
2014,2,8,0.08285886206896552
2014,2,9,0.03966683333333333
2014,2,diff,-0.019976
2014,3,0,-0.033203166666666666
2014,3,1,-0.01447003448275862
2014,3,2,-0.012308137931034484
2014,3,3,-0.007281
2014,3,4,0.0006879655172413794
2014,3,5,0.036077379310344826
2014,3,6,-0.02273426666666667
2014,3,7,0.04399203448275862
2014,3,8,-0.013737034482758618
2014,3,9,-0.011423933333333334
2014,3,diff,0.02177923333333333
2014,4,0,-0.0162887
2014,4,1,-0.02430248275862069
2014,4,2,-0.022513448275862068
2014,4,3,-0.04354943333333334
2014,4,4,-0.01567789655172414
2014,4,5,-0.04064627586206897
2014,4,6,-0.03865346666666667
2014,4,7,-0.020957862068965515
2014,4,8,-0.03795662068965518
2014,4,9,-0.031201366666666668
2014,4,diff,-0.014912666666666668
2014,5,0,0.04087746666666667
2014,5,1,0.0327411724137931
2014,5,2,0.01873493103448276
2014,5,3,0.010174689655172413
2014,5,4,0.009257724137931035
2014,5,5,0.029906344827586206
2014,5,6,0.021624931034482757
2014,5,7,0.008752413793103448
2014,5,8,0.001793137931034484
2014,5,9,0.03478196666666667
2014,5,diff,-0.006095499999999997
2014,6,0,0.011773090909090912
2014,6,1,0.07306515625
2014,6,2,0.024443625
2014,6,3,0.05990536363636364
2014,6,4,0.0222089375
2014,6,5,0.03869965625
2014,6,6,0.03322460606060606
2014,6,7,0.03221928125
2014,6,8,0.02423028125
2014,6,9,0.027619757575757575
2014,6,diff,0.01584666666666666
2014,7,0,-0.05018321212121212
2014,7,1,-0.044358906249999996
2014,7,2,-0.0355066875
2014,7,3,-0.04825371875
2014,7,4,-0.029773151515151516
2014,7,5,-0.0481759375
2014,7,6,-0.043361875
2014,7,7,-0.03946521875
2014,7,8,-0.0311888125
2014,7,9,-0.039828363636363634
2014,7,diff,0.010354848484848488
2014,8,0,-0.007424606060606062
2014,8,1,-0.0002908437500000003
2014,8,2,0.0340864375
2014,8,3,0.0078018437500000015
2014,8,4,0.02755671875
2014,8,5,0.04361696875
2014,8,6,0.04427778125
2014,8,7,0.03161378125
2014,8,8,0.047553187499999997
2014,8,9,0.03102559375
2014,8,diff,0.03845019981060606
2014,9,0,-0.036055757575757574
2014,9,1,-0.02930921875
2014,9,2,-0.03669009375
2014,9,3,-0.04599225
2014,9,4,-0.053961666666666665
2014,9,5,-0.045236781250000004
2014,9,6,-0.0684894375
2014,9,7,-0.08767309375
2014,9,8,-0.047163250000000004
2014,9,9,-0.03973330303030303
2014,9,diff,-0.003677545454545454
2014,10,0,-0.0037864848484848485
2014,10,1,0.0136288125
2014,10,2,0.047155625
2014,10,3,0.054322625
2014,10,4,0.05531825
2014,10,5,0.03727503125
2014,10,6,0.06259178125
2014,10,7,0.05888815625
2014,10,8,0.024739125
2014,10,9,0.017396575757575757
2014,10,diff,0.021183060606060605
2014,11,0,0.02748951515151515
2014,11,1,0.042519125
2014,11,2,-0.009405281250000001
2014,11,3,0.01935096875
2014,11,4,0.01380296875
2014,11,5,-0.0024576249999999993
2014,11,6,-0.007316531249999998
2014,11,7,0.02330903125
2014,11,8,-0.0344085625
2014,11,9,0.01929028125
2014,11,diff,-0.008199233901515151
2014,12,0,-0.0063613636363636355
2014,12,1,-0.006857060606060605
2014,12,2,0.0194331875
2014,12,3,0.03987836363636364
2014,12,4,-0.007040718750000002
2014,12,5,0.015678242424242424
2014,12,6,0.014332218749999997
2014,12,7,0.03167721212121212
2014,12,8,0.04739803125
2014,12,9,-0.010336181818181817
2014,12,diff,-0.003974818181818182
2015,1,0,-0.026552969696969696
2015,1,1,-0.0320855625
2015,1,2,-0.020491375
2015,1,3,-0.0603000606060606
2015,1,4,-0.0318111875
2015,1,5,-0.04223515625
2015,1,6,-0.06965287878787878
2015,1,7,-0.03576834375
2015,1,8,-0.06436775
2015,1,9,-0.03853860606060606
2015,1,diff,-0.011985636363636362
2015,2,0,0.09191548484848486
2015,2,1,0.049598406250000004
2015,2,2,0.04123059375
2015,2,3,0.056105906250000004
2015,2,4,0.07290448484848484
2015,2,5,0.0640031875
2015,2,6,0.004080437499999999
2015,2,7,0.03843525
2015,2,8,0.04870978125
2015,2,9,0.06652557575757576
2015,2,diff,-0.025389909090909102
2015,3,0,0.034299060606060604
2015,3,1,-0.00719403125
2015,3,2,0.013843625
2015,3,3,0.0093678125
2015,3,4,-0.006686781249999999
2015,3,5,0.0266125625
2015,3,6,0.00369465625
2015,3,7,0.0142670625
2015,3,8,-0.0181248125
2015,3,9,-0.02460160606060606
2015,3,diff,-0.058900666666666664
2015,4,0,-0.03056833333333333
2015,4,1,-0.005903499999999999
2015,4,2,-0.02512796875
2015,4,3,0.021333968749999998
2015,4,4,-0.019825727272727273
2015,4,5,0.0194194375
2015,4,6,-0.02666496875
2015,4,7,0.0108763125
2015,4,8,-0.02351834375
2015,4,9,0.017616636363636366
2015,4,diff,0.0481849696969697
2015,5,0,0.009490454545454545
2015,5,1,0.011767562499999997
2015,5,2,-0.036472874999999995
2015,5,3,-0.006047375000000001
2015,5,4,-0.0299380625
2015,5,5,0.00868628125
2015,5,6,-0.003555125000000001
2015,5,7,0.01368075
2015,5,8,0.015205218749999999
2015,5,9,-0.02699521212121212
2015,5,diff,-0.036485666666666666
2015,6,0,-0.022506057142857146
2015,6,1,-0.008945971428571427
2015,6,2,0.019385314285714283
2015,6,3,0.02247125714285714
2015,6,4,0.025718914285714285
2015,6,5,-0.019012257142857144
2015,6,6,0.037694485714285714
2015,6,7,-0.0220762
2015,6,8,-0.0004684285714285702
2015,6,9,-0.015749342857142856
2015,6,diff,0.0067567142857142895
2015,7,0,-0.03273050000000001
2015,7,1,0.009903914285714287
2015,7,2,0.004774714285714283
2015,7,3,-0.011020028571428569
2015,7,4,-0.020144
2015,7,5,0.010844885714285714
2015,7,6,-0.0740895294117647
2015,7,7,-0.04939358333333333
2015,7,8,-0.03753625714285714
2015,7,9,-0.009551714285714283
2015,7,diff,0.023178785714285728
2015,8,0,-0.08379136111111112
2015,8,1,-0.07624825714285714
2015,8,2,-0.07772508571428571
2015,8,3,-0.04192811428571429
2015,8,4,-0.04518697142857143
2015,8,5,-0.05786511428571428
2015,8,6,-0.05788354285714285
2015,8,7,-0.05759417142857143
2015,8,8,-0.04986168571428572
2015,8,9,-0.032571277777777775
2015,8,diff,0.05122008333333334
2015,9,0,-0.045102805555555556
2015,9,1,-0.029517571428571428
2015,9,2,-0.05679734285714286
2015,9,3,-0.04990334285714286
2015,9,4,-0.054209
2015,9,5,-0.034533914285714284
2015,9,6,-0.05321157142857143
2015,9,7,-0.057430742857142864
2015,9,8,-0.09302334285714285
2015,9,9,-0.07748580555555556
2015,9,diff,-0.03238300000000001
2015,10,0,0.017166742857142855
2015,10,1,0.052561028571428574
2015,10,2,0.06240628571428571
2015,10,3,0.10626361764705881
2015,10,4,0.09783585714285714
2015,10,5,0.05542674285714285
2015,10,6,0.028155823529411764
2015,10,7,0.06082162857142858
2015,10,8,0.06801197142857142
2015,10,9,0.07892945714285715
2015,10,diff,0.061762714285714296
2015,11,0,-0.03684194285714285
2015,11,1,0.0267416
2015,11,2,0.009085114285714286
2015,11,3,-0.0027933823529411794
2015,11,4,-0.011047371428571427
2015,11,5,0.0191554
2015,11,6,0.012901735294117644
2015,11,7,-0.0031087428571428544
2015,11,8,-0.006495685714285715
2015,11,9,-0.01810962857142857
2015,11,diff,0.018732314285714282
2015,12,0,-0.0303374
2015,12,1,-0.020611794117647058
2015,12,2,-0.056953142857142855
2015,12,3,-0.04072197058823529
2015,12,4,-0.04953562857142857
2015,12,5,-0.03271232352941176
2015,12,6,-0.040229117647058825
2015,12,7,-0.056545171428571434
2015,12,8,-0.05337561764705882
2015,12,9,-0.0275666
2015,12,diff,0.0027708000000000003
2016,1,0,-0.0879218857142857
2016,1,1,-0.05222529411764706
2016,1,2,-0.08993582352941176
2016,1,3,-0.0888124411764706
2016,1,4,-0.05688408823529412
2016,1,5,-0.08397055882352941
2016,1,6,-0.057426090909090906
2016,1,7,-0.06798965714285714
2016,1,8,-0.12512282352941176
2016,1,9,-0.1100359705882353
2016,1,diff,-0.0221140848739496
2016,2,0,-0.005000970588235295
2016,2,1,-0.06876470588235295
2016,2,2,0.0114215
2016,2,3,0.014301882352941178
2016,2,4,0.039886470588235294
2016,2,5,0.06005475757575758
2016,2,6,0.0027102058823529375
2016,2,7,0.04336391176470588
2016,2,8,0.05604502941176471
2016,2,9,-0.02645529411764706
2016,2,diff,-0.021454323529411765
2016,3,0,0.07907105882352941
2016,3,1,0.030501382352941177
2016,3,2,0.05832144117647059
2016,3,3,0.05521642424242424
2016,3,4,0.07870673529411765
2016,3,5,0.056380617647058824
2016,3,6,0.0951361515151515
2016,3,7,0.09329141176470589
2016,3,8,0.21160120588235293
2016,3,9,0.1384285
2016,3,diff,0.0593574411764706
2016,4,0,0.011443735294117645
2016,4,1,0.025024176470588237
2016,4,2,0.025596818181818182
2016,4,3,0.00527335294117647
2016,4,4,0.0482990303030303
2016,4,5,0.023053529411764705
2016,4,6,0.05780187878787879
2016,4,7,0.031671235294117646
2016,4,8,0.03668478787878788
2016,4,9,0.21119041176470588
2016,4,diff,0.19974667647058822
2016,5,0,-0.05329375675675675
2016,5,1,0.022543749999999998
2016,5,2,0.009989888888888888
2016,5,3,-0.007695416666666666
2016,5,4,0.015132666666666668
2016,5,5,0.009631722222222224
2016,5,6,0.03853351428571428
2016,5,7,-0.028279810810810813
2016,5,8,-0.005015444444444444
2016,5,9,-0.01709686111111111
2016,5,diff,0.03619689564564564
2016,6,0,0.0028764444444444454
2016,6,1,-0.04249858333333333
2016,6,2,-0.02682697222222222
2016,6,3,-0.016069166666666666
2016,6,4,-0.021052361111111112
2016,6,5,-0.029235388888888894
2016,6,6,0.027289194444444442
2016,6,7,0.005901249999999999
2016,6,8,0.029988888888888884
2016,6,9,-0.032377916666666666
2016,6,diff,-0.03525436111111111
2016,7,0,0.07385677777777779
2016,7,1,0.03227022222222223
2016,7,2,0.054137000000000005
2016,7,3,0.04047313888888889
2016,7,4,0.1687631388888889
2016,7,5,0.05367916666666667
2016,7,6,0.07068158333333334
2016,7,7,0.05781705555555556
2016,7,8,0.04115247222222222
2016,7,9,0.09768994444444444
2016,7,diff,0.023833166666666655
2016,8,0,0.020241000000000002
2016,8,1,0.030662277777777778
2016,8,2,0.01690213888888889
2016,8,3,0.01748886111111111
2016,8,4,3.649999999999902e-05
2016,8,5,0.008359555555555552
2016,8,6,0.029675583333333335
2016,8,7,-0.001814833333333333
2016,8,8,0.04381444444444445
2016,8,9,0.015758833333333333
2016,8,diff,-0.004482166666666669
2016,9,0,0.001780583333333331
2016,9,1,0.017778388888888892
2016,9,2,0.008361444444444446
2016,9,3,0.022694722222222224
2016,9,4,-0.003264777777777777
2016,9,5,0.023191514285714285
2016,9,6,0.04043530555555555
2016,9,7,-0.008641111111111112
2016,9,8,0.028240222222222222
2016,9,9,0.04968033333333333
2016,9,diff,0.047899750000000005
2016,10,0,-0.07322247222222222
2016,10,1,-0.056245166666666666
2016,10,2,-0.029653000000000002
2016,10,3,-0.04678888888888889
2016,10,4,-0.04008697222222222
2016,10,5,-0.041554714285714285
2016,10,6,-0.014312166666666666
2016,10,7,-0.015675750000000002
2016,10,8,-0.04664058333333333
2016,10,9,-0.042761861111111105
2016,10,diff,0.03046061111111112
2016,11,0,0.062231138888888884
2016,11,1,0.07784844444444444
2016,11,2,0.025704055555555556
2016,11,3,0.10235077777777778
2016,11,4,0.06326772222222223
2016,11,5,0.09828033333333334
2016,11,6,0.13775230555555554
2016,11,7,0.06780552777777778
2016,11,8,0.07776744444444444
2016,11,9,0.10468733333333333
2016,11,diff,0.04245619444444444
2016,12,0,-0.0020069999999999992
2016,12,1,0.00587352777777778
2016,12,2,0.029569657142857142
2016,12,3,0.0005537777777777778
2016,12,4,0.02772257142857143
2016,12,5,0.022839611111111113
2016,12,6,-0.005622971428571428
2016,12,7,0.018845472222222222
2016,12,8,0.024394257142857142
2016,12,9,0.035104277777777776
2016,12,diff,0.03711127777777778
2017,1,0,0.021641972222222222
2017,1,1,0.043556371428571425
2017,1,2,0.0242355
2017,1,3,0.013934742857142858
2017,1,4,-0.0012658611111111108
2017,1,5,0.004846514285714285
2017,1,6,0.03619914285714285
2017,1,7,0.023793833333333334
2017,1,8,0.025712085714285716
2017,1,9,0.01877013888888889
2017,1,diff,-0.002871833333333334
2017,2,0,-0.01648180555555556
2017,2,1,0.02314257142857143
2017,2,2,0.024267914285714287
2017,2,3,0.03438377777777778
2017,2,4,0.008138885714285716
2017,2,5,-0.0009235999999999988
2017,2,6,-0.003835472222222221
2017,2,7,0.008097142857142857
2017,2,8,0.02389894285714286
2017,2,9,0.008833527777777779
2017,2,diff,0.025315333333333336
2017,3,0,0.008705942857142856
2017,3,1,0.023197542857142858
2017,3,2,0.0014044285714285714
2017,3,3,0.01007334285714286
2017,3,4,0.0006561999999999997
2017,3,5,-0.014182314285714287
2017,3,6,-0.005975428571428574
2017,3,7,0.010068514285714286
2017,3,8,0.012409228571428574
2017,3,9,-0.01982702857142857
2017,3,diff,-0.028532971428571426
2017,4,0,0.05060691428571429
2017,4,1,0.06713002857142857
2017,4,2,0.004703685714285713
2017,4,3,0.027288382352941176
2017,4,4,0.032432800000000005
2017,4,5,0.0392616
2017,4,6,-0.0039162647058823535
2017,4,7,0.007217
2017,4,8,0.011768342857142856
2017,4,9,0.006654914285714287
2017,4,diff,-0.043952000000000005
2017,5,0,-0.012102684210526316
2017,5,1,0.0220885
2017,5,2,0.03557202631578947
2017,5,3,-0.005491351351351351
2017,5,4,-0.035243605263157896
2017,5,5,-0.03826228947368421
2017,5,6,-0.05258448648648649
2017,5,7,-0.02099628947368421
2017,5,8,-0.024023736842105264
2017,5,9,-0.038509999999999996
2017,5,diff,-0.02640731578947368
2017,6,0,0.058599368421052636
2017,6,1,-0.00629036842105263
2017,6,2,0.047452684210526314
2017,6,3,0.010060605263157895
2017,6,4,0.022819078947368423
2017,6,5,0.0225377027027027
2017,6,6,0.022887921052631578
2017,6,7,0.016098526315789476
2017,6,8,0.03285963157894737
2017,6,9,0.020523710526315787
2017,6,diff,-0.03807565789473685
2017,7,0,-0.004396842105263158
2017,7,1,0.0285725
2017,7,2,0.02773689189189189
2017,7,3,0.033890394736842105
2017,7,4,0.008251631578947368
2017,7,5,0.006939945945945944
2017,7,6,0.02440986842105263
2017,7,7,0.019759891891891892
2017,7,8,-0.0041155789473684215
2017,7,9,0.09900928947368422
2017,7,diff,0.10340613157894737
2017,8,0,-0.03361844736842105
2017,8,1,0.030164631578947367
2017,8,2,0.005110891891891892
2017,8,3,-0.005687842105263158
2017,8,4,-0.011155405405405404
2017,8,5,-0.018485842105263158
2017,8,6,-0.0009647837837837881
2017,8,7,-0.03155576315789474
2017,8,8,0.0059023783783783805
2017,8,9,-0.04525
2017,8,diff,-0.011631552631578945
2017,9,0,0.040001736842105264
2017,9,1,0.02807483783783784
2017,9,2,0.03709016216216216
2017,9,3,0.03830544736842105
2017,9,4,0.03584627027027027
2017,9,5,0.06478578378378379
2017,9,6,0.07830005263157895
2017,9,7,0.05096167567567568
2017,9,8,0.09341013513513513
2017,9,9,0.0966813947368421
2017,9,diff,0.05667965789473684
2017,10,0,-0.01681354054054054
2017,10,1,0.03715164864864865
2017,10,2,0.05202602702702703
2017,10,3,0.03214816216216216
2017,10,4,0.026210594594594593
2017,10,5,-0.013054135135135134
2017,10,6,0.040188729729729734
2017,10,7,-0.014805648648648645
2017,10,8,-0.005524972972972973
2017,10,9,-0.01570821621621622
2017,10,diff,0.0011053243243243221
2017,11,0,-0.005188945945945949
2017,11,1,0.011020864864864862
2017,11,2,0.0315722972972973
2017,11,3,0.027352810810810813
2017,11,4,0.011170972972972973
2017,11,5,0.012121416666666666
2017,11,6,0.04545881081081081
2017,11,7,0.050717702702702705
2017,11,8,0.062280729729729735
2017,11,9,0.008681702702702701
2017,11,diff,0.01387064864864865
2017,12,0,0.035557459459459456
2017,12,1,0.01723186111111111
2017,12,2,0.008003666666666666
2017,12,3,0.02337133333333333
2017,12,4,-0.01383475
2017,12,5,0.011231694444444443
2017,12,6,0.009175305555555553
2017,12,7,0.012993611111111114
2017,12,8,0.01801125
2017,12,9,-0.006482432432432432
2017,12,diff,-0.04203989189189189
2018,1,0,0.02940037837837838
2018,1,1,0.06268
2018,1,2,0.048140805555555555
2018,1,3,0.038463833333333336
2018,1,4,0.030418805555555557
2018,1,5,0.0031593611111111106
2018,1,6,-0.013394742857142858
2018,1,7,0.018937405405405405
2018,1,8,0.007991277777777778
2018,1,9,0.038921944444444447
2018,1,diff,0.009521566066066068
2018,2,0,0.0019119999999999986
2018,2,1,0.010595416666666668
2018,2,2,-0.02054711111111111
2018,2,3,-0.03036102777777778
2018,2,4,-0.05127330555555556
2018,2,5,-0.03350591428571428
2018,2,6,-0.03521930555555555
2018,2,7,-0.021992722222222223
2018,2,8,-0.03720244444444445
2018,2,9,-0.052347583333333336
2018,2,diff,-0.05425958333333333
2018,3,0,-0.01082761111111111
2018,3,1,0.005406114285714285
2018,3,2,-0.004629694444444444
2018,3,3,-0.0016759142857142855
2018,3,4,-0.023990583333333333
2018,3,5,-0.001393257142857144
2018,3,6,0.022519571428571427
2018,3,7,0.011787999999999998
2018,3,8,0.005551057142857141
2018,3,9,-0.017619333333333334
2018,3,diff,-0.006791722222222223
2018,4,0,0.029685055555555555
2018,4,1,0.01539537142857143
2018,4,2,0.008031371428571427
2018,4,3,-0.01044642857142857
2018,4,4,-0.02444938888888889
2018,4,5,-0.00742017142857143
2018,4,6,0.02410757142857143
2018,4,7,0.011509542857142858
2018,4,8,0.040511342857142855
2018,4,9,-0.011637444444444443
2018,4,diff,-0.0413225
2018,5,0,0.030529731707317074
2018,5,1,0.104355
2018,5,2,0.042908675
2018,5,3,0.039734649999999996
2018,5,4,0.038869414634146345
2018,5,5,0.04559785
2018,5,6,0.015542225000000002
2018,5,7,0.016605
2018,5,8,0.065101425
2018,5,9,0.056151268292682924
2018,5,diff,0.02562153658536585
2018,6,0,0.010677149999999998
2018,6,1,0.0370464
2018,6,2,0.021681075
2018,6,3,0.010237775
2018,6,4,0.0199933
2018,6,5,0.027682825
2018,6,6,0.02068105
2018,6,7,0.0176508
2018,6,8,0.024403150000000002
2018,6,9,0.0374427
2018,6,diff,0.026765550000000006
2018,7,0,0.027994926829268296
2018,7,1,0.0002637999999999984
2018,7,2,0.014946146341463415
2018,7,3,-0.011965
2018,7,4,0.014486341463414633
2018,7,5,-0.009296374999999999
2018,7,6,0.0010712999999999999
2018,7,7,-0.009297268292682926
2018,7,8,0.015639300000000002
2018,7,9,-0.009754243902439026
2018,7,diff,-0.03774917073170732
2018,8,0,0.09761743902439025
2018,8,1,0.1205068
2018,8,2,0.06343319512195121
2018,8,3,0.04384155
2018,8,4,0.02546387804878049
2018,8,5,0.049395375
2018,8,6,0.010168799999999999
2018,8,7,0.0032919024390243882
2018,8,8,-0.00131695
2018,8,9,0.021386341463414633
2018,8,diff,-0.07623109756097562
2018,9,0,0.0060902926829268286
2018,9,1,0.022319
2018,9,2,-0.031802525000000005
2018,9,3,-0.029039175
2018,9,4,-0.012404463414634146
2018,9,5,-0.0170882
2018,9,6,-0.0003488999999999994
2018,9,7,-0.00199475
2018,9,8,-0.005568925
2018,9,9,0.0058367073170731715
2018,9,diff,-0.000253585365853657
2018,10,0,-0.07743953658536584
2018,10,1,-0.15279594999999999
2018,10,2,-0.101812875
2018,10,3,-0.090953925
2018,10,4,-0.06833597500000001
2018,10,5,-0.091971825
2018,10,6,-0.054409074999999994
2018,10,7,-0.048277
2018,10,8,-0.083226325
2018,10,9,-0.06330714634146342
2018,10,diff,0.01413239024390242
2018,11,0,-0.024317474999999998
2018,11,1,0.0413223
2018,11,2,0.024068674999999998
2018,11,3,0.010521925
2018,11,4,0.046540349999999994
2018,11,5,-0.0053826666666666675
2018,11,6,0.015808899999999997
2018,11,7,-0.034910399999999994
2018,11,8,-0.007304674999999998
2018,11,9,-0.018370475
2018,11,diff,0.005946999999999997
2018,12,0,-0.100713275
2018,12,1,-0.107655575
2018,12,2,-0.105651575
2018,12,3,-0.09437841025641025
2018,12,4,-0.1282603
2018,12,5,-0.10731005
2018,12,6,-0.10342358974358976
2018,12,7,-0.11113342500000001
2018,12,8,-0.10112827499999999
2018,12,9,-0.145791775
2018,12,diff,-0.04507850000000001
2019,1,0,0.16727205
2019,1,1,0.11243238461538461
2019,1,2,0.12056976923076923
2019,1,3,0.110957375
2019,1,4,0.09897658974358975
2019,1,5,0.20788299999999998
2019,1,6,0.12814414999999998
2019,1,7,0.10432953846153846
2019,1,8,0.1493016923076923
2019,1,9,0.17016005
2019,1,diff,0.0028880000000000017
2019,2,0,0.03175205
2019,2,1,0.10064658974358974
2019,2,2,0.025842051282051283
2019,2,3,0.061634025
2019,2,4,0.054867564102564104
2019,2,5,0.0030902564102564096
2019,2,6,0.021978975
2019,2,7,0.044755589743589744
2019,2,8,0.01845558974358974
2019,2,9,0.022208375
2019,2,diff,-0.009543674999999998
2019,3,0,-0.03249066666666667
2019,3,1,0.030232794871794873
2019,3,2,-0.017637631578947367
2019,3,3,-0.0007345897435897449
2019,3,4,-0.02371128205128205
2019,3,5,-0.01384228947368421
2019,3,6,-0.015256564102564103
2019,3,7,-0.019166526315789474
2019,3,8,-0.02455730769230769
2019,3,9,-0.026843000000000002
2019,3,diff,0.005647666666666665
2019,4,0,0.024278153846153845
2019,4,1,0.05080865789473684
2019,4,2,0.019824842105263158
2019,4,3,0.04914413157894737
2019,4,4,0.03986828947368421
2019,4,5,0.07219513157894737
2019,4,6,0.04769044736842105
2019,4,7,0.02589763157894737
2019,4,8,0.021341236842105264
2019,4,9,0.01717144736842105
2019,4,diff,-0.007106706477732795
2019,5,0,-0.03804834090909091
2019,5,1,-0.06745722727272728
2019,5,2,-0.06914546511627907
2019,5,3,-0.022132613636363634
2019,5,4,-0.07432948837209302
2019,5,5,-0.08691547727272728
2019,5,6,-0.04531374418604651
2019,5,7,-0.09697379545454546
2019,5,8,-0.06266911627906976
2019,5,9,-0.10144447727272726
2019,5,diff,-0.06339613636363636
2019,6,0,0.03204359090909091
2019,6,1,0.08767006976744186
2019,6,2,0.06158737209302326
2019,6,3,0.06572586046511628
2019,6,4,0.07060584090909092
2019,6,5,0.06637727906976744
2019,6,6,0.0077019302325581395
2019,6,7,0.04094686046511628
2019,6,8,0.031047302325581397
2019,6,9,0.06875270454545455
2019,6,diff,0.036709113636363644
2019,7,0,-0.008321068181818181
2019,7,1,-0.003616186046511628
2019,7,2,-0.015644418604651163
2019,7,3,-0.008991976744186047
2019,7,4,-0.012760477272727272
2019,7,5,-0.026505232558139538
2019,7,6,-0.0011106279069767442
2019,7,7,0.017738162790697676
2019,7,8,-0.00040813953488371964
2019,7,9,0.014068977272727273
2019,7,diff,0.022390045454545454
2019,8,0,-0.061367790697674424
2019,8,1,-0.0025824418604651162
2019,8,2,-0.05963990697674418
2019,8,3,-0.06876311627906977
2019,8,4,-0.0456846511627907
2019,8,5,-0.04374402325581395
2019,8,6,-0.04181048837209302
2019,8,7,-0.0441956976744186
2019,8,8,-0.0769026511627907
2019,8,9,-0.06722597674418605
2019,8,diff,-0.005858186046511629
2019,9,0,-0.011031511627906975
2019,9,1,-0.0032715116279069785
2019,9,2,0.006830666666666665
2019,9,3,0.0009638837209302323
2019,9,4,0.03598423255813954
2019,9,5,0.036587690476190475
2019,9,6,0.017195395348837208
2019,9,7,0.06780235714285714
2019,9,8,0.06132693023255814
2019,9,9,0.07281127906976745
2019,9,diff,0.08384279069767442
2019,10,0,0.09960120930232558
2019,10,1,-0.015615558139534885
2019,10,2,0.005789697674418606
2019,10,3,-0.0018245238095238073
2019,10,4,0.0012582325581395348
2019,10,5,0.029231558139534885
2019,10,6,-0.010777357142857142
2019,10,7,-0.01301253488372093
2019,10,8,-0.031060255813953486
2019,10,9,0.013312930232558142
2019,10,diff,-0.08628827906976744
2019,11,0,0.04631204651162791
2019,11,1,0.05700725581395348
2019,11,2,0.029419720930232558
2019,11,3,0.01422947619047619
2019,11,4,0.007434418604651161
2019,11,5,0.030026255813953486
2019,11,6,0.037418404761904764
2019,11,7,0.018702348837209302
2019,11,8,0.08710693023255814
2019,11,9,0.016413511627906975
2019,11,diff,-0.029898534883720934
2019,12,0,0.013674604651162787
2019,12,1,0.028784666666666663
2019,12,2,-0.0016682142857142868
2019,12,3,0.020843166666666666
2019,12,4,0.05360650000000001
2019,12,5,0.08161204761904761
2019,12,6,0.04409285714285714
2019,12,7,0.018435214285714284
2019,12,8,0.045649857142857145
2019,12,9,0.09085158139534884
2019,12,diff,0.07717697674418605
2020,1,0,0.02165662790697674
2020,1,1,0.04302407142857143
2020,1,2,0.023462738095238096
2020,1,3,-0.01151147619047619
2020,1,4,-0.024375139534883725
2020,1,5,-0.0453187619047619
2020,1,6,-0.015266380952380955
2020,1,7,-0.0449604761904762
2020,1,8,-0.08674426190476191
2020,1,9,-0.05376867441860465
2020,1,diff,-0.0754253023255814
2020,2,0,-0.04977041860465116
2020,2,1,-0.08223114285714286
2020,2,2,-0.05980719047619048
2020,2,3,-0.07485788095238095
2020,2,4,-0.057975
2020,2,5,-0.10255366666666668
2020,2,6,-0.07295978571428571
2020,2,7,-0.08144447619047619
2020,2,8,-0.07475278571428572
2020,2,9,-0.1186306976744186
2020,2,diff,-0.06886027906976744
2020,3,0,-0.26682323255813956
2020,3,1,-0.21991607142857145
2020,3,2,-0.23057809523809522
2020,3,3,-0.25274421428571425
2020,3,4,-0.23113030952380953
2020,3,5,-0.2724179285714286
2020,3,6,-0.20342283333333333
2020,3,7,-0.20540907142857143
2020,3,8,-0.24462540476190475
2020,3,9,-0.20044040476190478
2020,3,diff,0.06638282779623478
2020,4,0,0.22007007142857143
2020,4,1,0.21879285714285712
2020,4,2,0.15046666666666667
2020,4,3,0.1340367619047619
2020,4,4,0.17355630952380952
2020,4,5,0.07971290476190476
2020,4,6,0.11858345238095239
2020,4,7,0.15688680952380954
2020,4,8,0.1566570476190476
2020,4,9,0.5263040238095238
2020,4,diff,0.30623395238095236
2020,5,0,0.1373945
2020,5,1,0.17713283333333335
2020,5,2,0.12312104761904763
2020,5,3,0.058009487804878045
2020,5,4,0.055020380952380946
2020,5,5,0.03856090476190476
2020,5,6,0.0009573902439024383
2020,5,7,0.05313209523809524
2020,5,8,0.047080500000000004
2020,5,9,0.03187809523809524
2020,5,diff,-0.10551640476190477
2020,6,0,0.12944891666666666
2020,6,1,0.05370740425531915
2020,6,2,0.017102617021276596
2020,6,3,0.018480234042553192
2020,6,4,0.08369933333333333
2020,6,5,0.08730868085106383
2020,6,6,0.05779474468085107
2020,6,7,0.008331553191489363
2020,6,8,-0.0034844680851063813
2020,6,9,0.39832612500000003
2020,6,diff,0.2688772083333334
2020,7,0,0.09334204255319149
2020,7,1,0.06586865957446808
2020,7,2,0.08329963829787235
2020,7,3,0.043752957446808516
2020,7,4,0.01759110638297872
2020,7,5,0.013155617021276595
2020,7,6,0.004697829787234042
2020,7,7,0.058045319148936174
2020,7,8,0.005570255319148936
2020,7,9,-0.022120234042553193
2020,7,diff,-0.11546227659574468
2020,8,0,0.05151738297872341
2020,8,1,0.040767086956521745
2020,8,2,0.07073419565217391
2020,8,3,0.0390334255319149
2020,8,4,0.08699332608695654
2020,8,5,0.057556108695652176
2020,8,6,0.04625142553191489
2020,8,7,0.08618752173913044
2020,8,8,0.06169310869565218
2020,8,9,0.10263046808510638
2020,8,diff,0.051113085106382974
2020,9,0,-0.01306572340425532
2020,9,1,-0.01842495652173913
2020,9,2,-0.023452152173913044
2020,9,3,-0.02870131914893617
2020,9,4,-0.024548021739130437
2020,9,5,-0.01588345652173913
2020,9,6,0.01118710638297872
2020,9,7,-0.048386869565217386
2020,9,8,-0.06475619565217391
2020,9,9,-0.029443787234042555
2020,9,diff,-0.016378063829787237
2020,10,0,-0.03498476595744681
2020,10,1,0.02010154347826087
2020,10,2,-0.025274739130434785
2020,10,3,0.016861173913043478
2020,10,4,-0.0185965
2020,10,5,-0.018370391304347825
2020,10,6,-0.011115130434782608
2020,10,7,-0.00027215217391304375
2020,10,8,0.008179543478260871
2020,10,9,-0.005616085106382974
2020,10,diff,0.029368680851063835
2020,11,0,0.34095119148936165
2020,11,1,0.15568127659574468
2020,11,2,0.18943780434782606
2020,11,3,0.1418900425531915
2020,11,4,0.214334
2020,11,5,0.1996161956521739
2020,11,6,0.21858676595744683
2020,11,7,0.25639426086956524
2020,11,8,0.24248414893617024
2020,11,9,0.2686102340425532
2020,11,diff,-0.07234095744680846
2020,12,0,0.07549563829787234
2020,12,1,0.046001260869565214
2020,12,2,0.10327227659574469
2020,12,3,0.11174773913043479
2020,12,4,0.07321082978723405
2020,12,5,0.09728073913043478
2020,12,6,0.09898223913043477
2020,12,7,0.06115495744680852
2020,12,8,0.08984908695652175
2020,12,9,0.03830497872340425
2020,12,diff,-0.03719065957446809
2021,1,0,0.09563036956521741
2021,1,1,0.020645739130434784
2021,1,2,0.03909373913043478
2021,1,3,0.01593558695652174
2021,1,4,0.33664758695652175
2021,1,5,0.06592906521739131
2021,1,6,0.06596865217391304
2021,1,7,0.05968678260869565
2021,1,8,0.04622952173913044
2021,1,9,0.24259956521739132
2021,1,diff,0.14696919565217392
2021,2,0,0.092643
2021,2,1,0.010535000000000001
2021,2,2,0.04024317391304348
2021,2,3,0.07304832608695652
2021,2,4,0.06365154347826087
2021,2,5,0.09851526086956522
2021,2,6,0.09987745652173914
2021,2,7,0.11842000000000001
2021,2,8,0.13885821739130436
2021,2,9,0.13145602173913043
2021,2,diff,0.03881302173913043
2021,3,0,-0.006876695652173911
2021,3,1,-0.060990108695652176
2021,3,2,-0.030921239130434784
2021,3,3,0.04303304347826087
2021,3,4,-0.004373347826086956
2021,3,5,0.03522168888888889
2021,3,6,0.013249239130434784
2021,3,7,0.007292369565217391
2021,3,8,0.04528632608695653
2021,3,9,0.09433063043478261
2021,3,diff,0.10120732608695653
2021,4,0,0.04415845652173913
2021,4,1,0.017111782608695655
2021,4,2,0.01931641304347826
2021,4,3,0.013048652173913043
2021,4,4,0.03152108695652174
2021,4,5,0.026583066666666665
2021,4,6,0.018616804347826085
2021,4,7,0.02602319565217391
2021,4,8,0.02376780434782609
2021,4,9,0.010448152173913042
2021,4,diff,-0.033710304347826084
2021,5,0,-0.016204391304347827
2021,5,1,-0.018411955555555554
2021,5,2,0.04597763043478261
2021,5,3,0.017167666666666668
2021,5,4,0.07263860869565217
2021,5,5,-0.0010485777777777775
2021,5,6,0.022617266666666667
2021,5,7,0.027851000000000004
2021,5,8,0.11009151111111112
2021,5,9,0.08064467391304349
2021,5,diff,0.09684906521739131
2021,6,0,0.06311151785714285
2021,6,1,0.08405789285714285
2021,6,2,0.06394916071428572
2021,6,3,0.030430482142857145
2021,6,4,0.02138625
2021,6,5,0.05015267272727273
2021,6,6,0.033593482142857144
2021,6,7,-0.006037767857142857
2021,6,8,0.0090525
2021,6,9,0.004182089285714287
2021,6,diff,-0.05892942857142856
2021,7,0,-0.024839285714285713
2021,7,1,-0.036131872727272724
2021,7,2,-0.06187181818181819
2021,7,3,-0.04034152727272727
2021,7,4,-0.05438291071428571
2021,7,5,-0.0455604
2021,7,6,-0.03698412727272727
2021,7,7,-0.018920672727272724
2021,7,8,-0.043690599999999996
2021,7,9,-0.027051410714285715
2021,7,diff,-0.0022121250000000023
2021,8,0,0.06103532727272727
2021,8,1,0.031725727272727273
2021,8,2,-0.02733961818181818
2021,8,3,0.010577436363636365
2021,8,4,0.012637054545454544
2021,8,5,0.01169962962962963
2021,8,6,0.01500467272727273
2021,8,7,0.002894927272727273
2021,8,8,0.012400818181818178
2021,8,9,0.025408036363636366
2021,8,diff,-0.035627290909090906
2021,9,0,-0.021839272727272725
2021,9,1,-0.06071194545454546
2021,9,2,-0.03400109259259259
2021,9,3,-0.06346383636363637
2021,9,4,-0.02171898148148148
2021,9,5,-0.03880898181818182
2021,9,6,-0.003535388888888888
2021,9,7,0.01942849090909091
2021,9,8,0.004852814814814815
2021,9,9,-0.0015930909090909097
2021,9,diff,0.020246181818181816
2021,10,0,0.0025260545454545433
2021,10,1,0.0870515925925926
2021,10,2,0.01786314814814815
2021,10,3,-0.0055041851851851875
2021,10,4,0.03776064814814815
2021,10,5,0.014317592592592592
2021,10,6,0.03193581481481481
2021,10,7,0.014804259259259258
2021,10,8,0.00966137037037037
2021,10,9,0.009486018181818183
2021,10,diff,0.006959963636363639
2021,11,0,-0.09720348148148147
2021,11,1,-0.0741242037037037
2021,11,2,-0.0587984074074074
2021,11,3,-0.07173633333333333
2021,11,4,-0.07935116666666667
2021,11,5,-0.07040539622641509
2021,11,6,-0.05496722222222222
2021,11,7,-0.04828283333333333
2021,11,8,-0.07816979629629629
2021,11,9,-0.056394629629629635
2021,11,diff,0.04080885185185184
2021,12,0,-0.013748814814814814
2021,12,1,-0.06649524528301887
2021,12,2,-0.052705499999999995
2021,12,3,-0.04187890566037736
2021,12,4,-0.021893203703703706
2021,12,5,-0.0003366981132075502
2021,12,6,0.06942654716981132
2021,12,7,-0.005169314814814815
2021,12,8,0.04082250943396227
2021,12,9,0.035899074074074076
2021,12,diff,0.049647888888888894
2022,1,0,-0.10880024528301886
2022,1,1,-0.17115871698113208
2022,1,2,-0.1154997924528302
2022,1,3,-0.1255857924528302
2022,1,4,-0.14547830188679245
2022,1,5,-0.09681588461538461
2022,1,6,-0.03118207547169811
2022,1,7,-0.03134635849056604
2022,1,8,-0.026455433962264154
2022,1,9,-0.03898201886792453
2022,1,diff,0.06981822641509433
2022,2,0,0.00531801886792453
2022,2,1,-0.03682243396226415
2022,2,2,-0.0004155769230769229
2022,2,3,0.0031364905660377336
2022,2,4,-0.0345777358490566
2022,2,5,0.007008557692307692
2022,2,6,0.04756673584905661
2022,2,7,0.011346096153846155
2022,2,8,-0.02284698113207547
2022,2,9,0.01540711320754717
2022,2,diff,0.01008909433962264
2022,3,0,-0.017401867924528303
2022,3,1,0.036923134615384615
2022,3,2,0.03314698076923077
2022,3,3,-0.02625969230769231
2022,3,4,0.005194749999999999
2022,3,5,0.007596423076923076
2022,3,6,0.019124442307692308
2022,3,7,0.1688200576923077
2022,3,8,0.005770807692307695
2022,3,9,-0.00406875
2022,3,diff,0.013333117924528303
2022,4,0,-0.1719078846153846
2022,4,1,-0.16444515384615382
2022,4,2,-0.11656458823529411
2022,4,3,-0.12717226923076924
2022,4,4,-0.0960865576923077
2022,4,5,-0.1209976274509804
2022,4,6,-0.09258913461538462
2022,4,7,-0.07751076470588235
2022,4,8,-0.10114459615384616
2022,4,9,-0.06890351923076923
2022,4,diff,0.10300436538461535
2022,5,0,-0.07396704347826087
2022,5,1,-0.10295185507246378
2022,5,2,-0.03636150724637681
2022,5,3,-0.03453844117647059
2022,5,4,0.005120956521739131
2022,5,5,-0.04154191304347826
2022,5,6,-0.033126
2022,5,7,0.004927260869565215
2022,5,8,-0.037901492753623194
2022,5,9,0.0045608985507246385
2022,5,diff,0.07852794202898551
2022,6,0,-0.08946935714285714
2022,6,1,-0.13373389855072465
2022,6,2,-0.13579339999999998
2022,6,3,-0.12451421739130435
2022,6,4,-0.10095208571428572
2022,6,5,-0.15030697101449275
2022,6,6,-0.0993979420289855
2022,6,7,-0.10559568571428571
2022,6,8,-0.0708085652173913
2022,6,9,-0.1110713
2022,6,diff,-0.021601942857142856
2022,7,0,0.10396237142857143
2022,7,1,0.12827827536231884
2022,7,2,0.1055873043478261
2022,7,3,0.10235954285714287
2022,7,4,0.13417646376811596
2022,7,5,0.09616091304347826
2022,7,6,0.08253592857142858
2022,7,7,0.1136575652173913
2022,7,8,0.0660609420289855
2022,7,9,0.0704670142857143
2022,7,diff,-0.03349535714285713
2022,8,0,0.07111267142857143
2022,8,1,0.006540571428571426
2022,8,2,-0.012130057971014492
2022,8,3,-0.013098842857142858
2022,8,4,-0.02109904347826087
2022,8,5,-0.042969657142857144
2022,8,6,0.004469072463768115
2022,8,7,-0.003346771428571429
2022,8,8,-0.010188521739130433
2022,8,9,0.0039272857142857165
2022,8,diff,-0.06718538571428571
2022,9,0,-0.11534162857142857
2022,9,1,-0.10016785507246377
2022,9,2,-0.08791340579710144
2022,9,3,-0.10408434782608696
2022,9,4,-0.14449655714285714
2022,9,5,-0.13230392753623188
2022,9,6,-0.08233298550724638
2022,9,7,-0.11290942028985507
2022,9,8,-0.14606005797101448
2022,9,9,-0.15825691428571428
2022,9,diff,-0.04291528571428571
2022,10,0,0.07046007352941176
2022,10,1,0.03758326470588235
2022,10,2,0.07311977941176472
2022,10,3,0.09862546268656716
2022,10,4,0.07106242647058825
2022,10,5,0.07150442647058824
2022,10,6,0.06020258208955223
2022,10,7,0.035757573529411765
2022,10,8,0.053107
2022,10,9,0.044644147058823525
2022,10,diff,-0.025815926470588238
2022,11,0,-0.019060716417910444
2022,11,1,-0.025438417910447764
2022,11,2,-0.021586328358208957
2022,11,3,0.014578820895522386
2022,11,4,-0.010074880597014927
2022,11,5,0.024594969696969695
2022,11,6,-0.02086661194029851
2022,11,7,0.0008779552238805964
2022,11,8,-0.0014927910447761188
2022,11,9,0.024660014925373133
2022,11,diff,0.04372073134328358
2022,12,0,-0.09932140298507462
2022,12,1,-0.06635465151515152
2022,12,2,-0.09502028787878788
2022,12,3,-0.06437280303030302
2022,12,4,-0.09023727272727272
2022,12,5,-0.1092671212121212
2022,12,6,-0.044497353846153845
2022,12,7,-0.10958431343283583
2022,12,8,-0.07112472727272728
2022,12,9,-0.08371263636363636
2022,12,diff,0.015608766621438258
2023,1,0,0.1777922424242424
2023,1,1,0.12720869696969697
2023,1,2,0.1580076515151515
2023,1,3,0.13749351515151514
2023,1,4,0.13167025757575757
2023,1,5,0.1390638787878788
2023,1,6,0.17602713636363637
2023,1,7,0.17124178787878788
2023,1,8,0.22111186363636362
2023,1,9,0.36149393939393937
2023,1,diff,0.18370169696969696
2023,2,0,-0.04513168656716418
2023,2,1,-0.024390151515151514
2023,2,2,-0.010368181818181816
2023,2,3,-0.014038909090909091
2023,2,4,-0.004775530303030304
2023,2,5,-0.060707924242424244
2023,2,6,-0.045718046153846156
2023,2,7,-0.051466507462686564
2023,2,8,-0.02027133333333334
2023,2,9,-0.05851640909090909
2023,2,diff,-0.01338472252374491
2023,3,0,-0.01140690909090909
2023,3,1,-0.011846507692307691
2023,3,2,0.017420969230769228
2023,3,3,-0.02461450769230769
2023,3,4,-0.03154692307692308
2023,3,5,-0.04027366153846154
2023,3,6,-0.09451506153846154
2023,3,7,-0.053257015384615386
2023,3,8,-0.07939587692307692
2023,3,9,-0.057833
2023,3,diff,-0.04642609090909091
2023,4,0,-0.05174407692307692
2023,4,1,-0.04076843076923077
2023,4,2,-0.04524278461538461
2023,4,3,-0.029646076923076924
2023,4,4,-0.019878923076923075
2023,4,5,-0.029047815384615382
2023,4,6,-0.017355415384615384
2023,4,7,-0.05727016923076923
2023,4,8,-0.08680527692307693
2023,4,9,-0.0029109230769230757
2023,4,diff,0.048833153846153846
2023,5,0,-0.02626948611111111
2023,5,1,0.052878197183098594
2023,5,2,0.019493140845070422
2023,5,3,0.013398957746478871
2023,5,4,0.034995083333333336
2023,5,5,-0.011334478873239438
2023,5,6,0.008431464788732397
2023,5,7,0.0305016338028169
2023,5,8,0.00033050704225352355
2023,5,9,0.009936736111111111
2023,5,diff,0.03620622222222222
2023,6,0,0.09490469014084507
2023,6,1,0.0645372
2023,6,2,0.09280422857142857
2023,6,3,0.05178914285714286
2023,6,4,0.09686185714285715
2023,6,5,0.05573307142857143
2023,6,6,0.055185000000000005
2023,6,7,0.08299631428571429
2023,6,8,0.07049381428571429
2023,6,9,0.004847267605633802
2023,6,diff,-0.09005742253521126
2023,7,0,0.09429021428571428
2023,7,1,0.04850639130434783
2023,7,2,0.0449586231884058
2023,7,3,0.06317145714285714
2023,7,4,0.06000446376811595
2023,7,5,0.08902273913043478
2023,7,6,0.07230778571428571
2023,7,7,0.0946
2023,7,8,0.10063186956521739
2023,7,9,0.11481497142857143
2023,7,diff,0.020524757142857147
2023,8,0,-0.1239477857142857
2023,8,1,-0.06907545714285715
2023,8,2,-0.04223071014492753
2023,8,3,-0.05381595714285714
2023,8,4,-0.05776520289855073
2023,8,5,-0.0681652857142857
2023,8,6,-0.0585613768115942
2023,8,7,-0.10450152857142858
2023,8,8,-0.0900773188405797
2023,8,9,-0.0711193
2023,8,diff,0.05282848571428571
2023,9,0,-0.05509147826086957
2023,9,1,-0.049439478260869564
2023,9,2,-0.06663176811594203
2023,9,3,-0.058511028985507245
2023,9,4,-0.06967455072463768
2023,9,5,-0.049272073529411764
2023,9,6,-0.042712028985507244
2023,9,7,-0.08121853623188406
2023,9,8,-0.09997055072463767
2023,9,9,-0.027513304347826093
2023,9,diff,0.027578173913043475
2023,10,0,-0.07166035294117647
2023,10,1,-0.0754197205882353
2023,10,2,-0.07995388235294118
2023,10,3,-0.07262094029850746
2023,10,4,-0.07446014705882353
2023,10,5,-0.1067289705882353
2023,10,6,-0.1057995223880597
2023,10,7,-0.1051150294117647
2023,10,8,-0.12958892647058823
2023,10,9,-0.09873304411764706
2023,10,diff,-0.027072691176470598
2023,11,0,0.04900473529411765
2023,11,1,0.09229251470588234
2023,11,2,0.1496025223880597
2023,11,3,0.14032148529411764
2023,11,4,0.0895805223880597
2023,11,5,0.1660679705882353
2023,11,6,0.07120565671641792
2023,11,7,0.05899510294117647
2023,11,8,0.15453731343283583
2023,11,9,0.05157647058823529
2023,11,diff,0.0025717352941176455
2023,12,0,0.0025802537313432826
2023,12,1,0.05444897014925373
2023,12,2,0.12206583333333333
2023,12,3,0.12878511940298507
2023,12,4,0.13866817910447762
2023,12,5,0.1784805909090909
2023,12,6,0.1074279552238806
2023,12,7,0.11431206060606061
2023,12,8,0.12906525373134328
2023,12,9,0.13263562686567165
2023,12,diff,0.13005537313432836
